店舗名,住所,エリア,詳細エリア
セイコーマートあさの店,北海道札幌市中央区南４条西４-１１,札幌,中央区
セイコーマートおかだ店,北海道札幌市中央区南５条西１１-１２８８,札幌,中央区
セイコーマートかめはた店,北海道札幌市中央区南１７条西６-４-１２,札幌,中央区
セイコーマートそでもり店,北海道札幌市中央区南２４条西９-１-１,札幌,中央区
セイコーマートたかせ店,北海道札幌市中央区南５条西４丁目新宿通り,札幌,中央区
セイコーマートたかだ店,北海道札幌市中央区南２３条西１２-２-２７,札幌,中央区
セイコーマートとみた店,北海道札幌市中央区南２９条西１０-５-１６,札幌,中央区
セイコーマートとらや店,北海道札幌市中央区南１２条西１５-２-１,札幌,中央区
セイコーマートながい店,北海道札幌市中央区南１１条西１-３-１７,札幌,中央区
セイコーマートなかやま南１条店,北海道札幌市中央区南１条東５-１,札幌,中央区
セイコーマートはせがわ店,北海道札幌市中央区南１３条西９-３-５,札幌,中央区
セイコーマートはた店,北海道札幌市中央区南８条西１２丁目,札幌,中央区
セイコーマートはまざき店,北海道札幌市中央区宮の森１条１５-４-１,札幌,中央区
セイコーマート円山北５条店,北海道札幌市中央区北５条西２８-１-１２,札幌,中央区
セイコーマート旭ヶ丘店,北海道札幌市中央区南７条西２４-２-１２,札幌,中央区
セイコーマート桑園店,北海道札幌市中央区北７条西１５-２６,札幌,中央区
セイコーマート西線１６条店,北海道札幌市中央区南１６条西１５-１-１,札幌,中央区
セイコーマート大通店,北海道札幌市中央区大通西１８丁目,札幌,中央区
セイコーマート中央店,北海道札幌市中央区南１条西９丁目,札幌,中央区
セイコーマート南４条店,北海道札幌市中央区南４条西８-１-２,札幌,中央区
セイコーマート南９条店,北海道札幌市中央区南９条西５-４２１,札幌,中央区
セイコーマート伏見店,北海道札幌市中央区南１０条西１８-１-４０,札幌,中央区
セイコーマート北２条店,北海道札幌市中央区北２条西１丁目,札幌,中央区
セイコーマート近代美術館西店,北海道札幌市中央区北１条西１９-２-１,札幌,中央区
セイコーマート北５条通り店,北海道札幌市中央区北４条西２２-２-１７,札幌,中央区
セイコーマート円山南１条店,北海道札幌市中央区南１条西１９-１,札幌,中央区
セイコーマート大通バスセンター店,北海道札幌市中央区南１条東１-６,札幌,中央区
セイコーマートすすきの７条通店,北海道札幌市中央区南７条西５-２８９-５４,札幌,中央区
セイコーマートテルウェル店,北海道札幌市中央区北４条西１６-１-１テルウェル第２ビル１階,札幌,中央区
セイコーマート道庁前北店,北海道札幌市中央区北４条西６-１-３,札幌,中央区
セイコーマート北円山店,北海道札幌市中央区北７条西２４-１-１９,札幌,中央区
セイコーマート北３条店,北海道札幌市中央区北３条西１-２-９,札幌,中央区
セイコーマート第３合同庁舎店,北海道札幌市中央区大通西１２丁目,札幌,中央区
セイコーマート南８条店,北海道札幌市中央区南８条西４丁目４２２番地５　グランドパークビル,札幌,中央区
セイコーマートぎょれんビル店,北海道札幌市中央区北１３条西１９-３７-６,札幌,中央区
セイコーマートニッセイ札幌ビル店,北海道札幌市中央区北３条西４-１-１　日本生命札幌ビル１階,札幌,中央区
セイコーマート北海道庁店,北海道札幌市中央区北３条西６-１,札幌,中央区
セイコーマート東屯田通店,北海道札幌市中央区南８条西８-５２２,札幌,中央区
セイコーマート西円山病院店,北海道札幌市中央区円山西町４-７-２５,札幌,中央区
セイコーマート山鼻９条店,北海道札幌市中央区南９条西６-１-２７,札幌,中央区
セイコーマート大通ビッセ店,北海道札幌市中央区大通西３丁目７番地,札幌,中央区
セイコーマート南１９条店,北海道札幌市中央区南１９条西９丁目１番３号,札幌,中央区
セイコーマート植物園西店,北海道札幌市中央区北３条西１２丁目２番７,札幌,中央区
セイコーマート南８条西６丁目店,北海道札幌市中央区南８条西６丁目２８９番地５０,札幌,中央区
セイコーマート南６条店,北海道札幌市中央区南６条西９丁目１０２３番地１８,札幌,中央区
セイコーマート北６条店,北海道札幌市中央区北６条西１９丁目１番地１,札幌,中央区
セイコーマート南５条店,北海道札幌市中央区南５条西６丁目９番地３,札幌,中央区
セイコーマート札幌渓仁会リハビリテーション病院店,北海道札幌市中央区北１０条西１７丁目３６番１３号,札幌,中央区
セイコーマート時計台前店,北海道札幌市中央区北１条西３丁目３番地,札幌,中央区
セイコーマート大通東２丁目店,北海道札幌市中央区大通東２丁目８番地５,札幌,中央区
セイコーマート南１条西４丁目店,北海道札幌市中央区南１条西４丁目１５番地１,札幌,中央区
セイコーマート札幌中央病院店,北海道札幌市中央区南９条西１０丁目１番５０号,札幌,中央区
セイコーマート狸小路２丁目店,北海道札幌市中央区南２条西２丁目４番２,札幌,中央区
セイコーマートザノット札幌店,北海道札幌市中央区南３条西３丁目１６番地２,札幌,中央区
セイコーマート大通西５丁目店,北海道札幌市中央区大通西５丁目８番地,札幌,中央区
セイコーマート円山西町店,北海道札幌市中央区円山西町７丁目２番１号,札幌,中央区
セイコーマート狸小路６丁目店,北海道札幌市中央区南３条西６丁目３番地２,札幌,中央区
セイコーマートＵＨＢ店,北海道札幌市中央区北１条西１４丁目１番地５,札幌,中央区
セイコーマートあいの里店,北海道札幌市北区あいの里４条５-１０-１,札幌,北区
セイコーマートあきもと店,北海道札幌市北区北２７条西２-１-２５,札幌,北区
セイコーマートおおば店,北海道札幌市北区新琴似１１条６-２-１０,札幌,北区
セイコーマートかさい店,北海道札幌市北区北３６条西２-２-１,札幌,北区
セイコーマート新琴似５条店,北海道札幌市北区新琴似５条１０-５-１１,札幌,北区
セイコーマート太平４条店,北海道札幌市北区太平４条３丁目２-１０,札幌,北区
セイコーマートたいへい店,北海道札幌市北区太平１１条５-７７-５,札幌,北区
セイコーマート拓北駅前店,北海道札幌市北区拓北６条３-８-１,札幌,北区
セイコーマートつぼた店,北海道札幌市北区北８条西５丁目,札幌,北区
セイコーマート地下鉄北１２条駅前店,北海道札幌市北区北１２条西４-１-２９,札幌,北区
セイコーマート北２３条店,北海道札幌市北区北２３条西７-２-２２,札幌,北区
セイコーマートどもん店,北海道札幌市北区北１８条西４丁目,札幌,北区
セイコーマートはぎなか店,北海道札幌市北区北３０条西８-２-２３,札幌,北区
セイコーマート新琴似７条店,北海道札幌市北区新琴似７条５丁目４番３３号,札幌,北区
セイコーマート横新道店,北海道札幌市北区篠路２条１-３-５,札幌,北区
セイコーマート新川３条店,北海道札幌市北区新川３条１丁目１番１号,札幌,北区
セイコーマート新川５条店,北海道札幌市北区新川５条１６丁目５番８号,札幌,北区
セイコーマート新琴似６条店,北海道札幌市北区新琴似６条１４-１-２３,札幌,北区
セイコーマート新琴似１０条店,北海道札幌市北区新琴似１０条１３-６-１,札幌,北区
セイコーマート新川西店,北海道札幌市北区新川西３条３-９-１７,札幌,北区
セイコーマート篠路１条店,北海道札幌市北区篠路１条８丁目９番３号,札幌,北区
セイコーマート北３４条ターミナル店,北海道札幌市北区北３３条西４-２-１,札幌,北区
セイコーマート麻生店,北海道札幌市北区新琴似７条１-２-３４,札幌,北区
セイコーマート屯田９条店,北海道札幌市北区屯田９条１２-５-１０,札幌,北区
セイコーマート合同庁舎店,北海道札幌市北区北８条西２丁目,札幌,北区
セイコーマート北１０条店,北海道札幌市北区北１０条西１丁目１０番地ＭＣビル１階,札幌,北区
セイコーマート季実の里店,北海道札幌市北区屯田７条４-１-２２,札幌,北区
セイコーマート新琴似１２条店,北海道札幌市北区新琴似１２条１５-５-１１,札幌,北区
セイコーマート屯田５条店,北海道札幌市北区屯田５条１０-１-１,札幌,北区
セイコーマート北３１条店,北海道札幌市北区北３１条西４-１-１,札幌,北区
セイコーマートあいの里３条店,北海道札幌市北区あいの里３条５-１３-１,札幌,北区
セイコーマート北１３条西店,北海道札幌市北区北１３条西３丁目２番１５-１０１,札幌,北区
セイコーマート新琴似４条店,北海道札幌市北区新琴似４条６丁目４番８号,札幌,北区
セイコーマート北９条店,北海道札幌市北区北９条西３-１,札幌,北区
セイコーマート屯田８条店,北海道札幌市北区屯田８条２丁目８番３０号,札幌,北区
セイコーマート新琴似１条１１丁目店,北海道札幌市北区新琴似１条１１丁目１３番２２号,札幌,北区
セイコーマート屯田１１条店,北海道札幌市北区屯田１１条３丁目７番１０号,札幌,北区
セイコーマート北７条店,北海道札幌市北区北７条西２丁目９,札幌,北区
セイコーマート北２７条西店,北海道札幌市北区北２７条西１６丁目４番１５号,札幌,北区
セイコーマート屯田８条８丁目店,北海道札幌市北区屯田８条８丁目１４番２５号,札幌,北区
セイコーマート教育大駅前店,北海道札幌市北区あいの里１条５丁目１番１０号,札幌,北区
セイコーマート篠路７条店,北海道札幌市北区篠路７条４丁目２番２２号,札幌,北区
セイコーマート拓北３条店,北海道札幌市北区拓北３条２丁目７-３,札幌,北区
セイコーマート南あいの里店,北海道札幌市北区南あいの里５丁目１番２５号,札幌,北区
セイコーマート麻生駅前店,北海道札幌市北区北４０条西４丁目２番１号,札幌,北区
セイコーマート北２４条駅前店,北海道札幌市北区北２４条西４丁目２番７号,札幌,北区
セイコーマートうちがた店,北海道札幌市東区北４４条東１４-４-１６,札幌,東区
セイコーマートおしだ店,北海道札幌市東区北１０条東８-２-６,札幌,東区
セイコーマート東苗穂４条店,北海道札幌市東区東苗穂４条３丁目２番６号,札幌,東区
セイコーマートくぼた店,北海道札幌市東区北７条東３-２８,札幌,東区
セイコーマートさいかわ店,北海道札幌市東区北４６条東３-１-１,札幌,東区
セイコーマート北３６条東店,北海道札幌市東区北３６条東８-１-１,札幌,東区
セイコーマート中沼店,北海道札幌市東区中沼５条１-２-１,札幌,東区
セイコーマート北３０条東店,北海道札幌市東区北３０条東１５丁目,札幌,東区
セイコーマート北２０条東１５丁目店,北海道札幌市東区北２０条東１５-１-１２,札幌,東区
セイコーマートつねまる店,北海道札幌市東区東苗穂５条３-３-１１,札幌,東区
セイコーマートマルヨくどう店,北海道札幌市東区北２０条東３丁目,札幌,東区
セイコーマートみぞぶち店,北海道札幌市東区北３２条東６丁目,札幌,東区
セイコーマート栄町店,北海道札幌市東区北４５条東１９-３-３,札幌,東区
セイコーマート丸田くぼた店,北海道札幌市東区北１７条東１３-１-１４,札幌,東区
セイコーマート丘珠空港前店,北海道札幌市東区北３７条東２２-６-１２,札幌,東区
セイコーマート大学村店,北海道札幌市東区北２５条東３-２２,札幌,東区
セイコーマート伏古店,北海道札幌市東区伏古１条５-１-２,札幌,東区
セイコーマート北３８条店,北海道札幌市東区北３８条東１５丁目,札幌,東区
セイコーマート北４２条店,北海道札幌市東区北４２条東５丁目２番２８号,札幌,東区
セイコーマート北４３条店,北海道札幌市東区北４３条東１５-３-２５,札幌,東区
セイコーマート北１２条東店,北海道札幌市東区北１２条東１５-２１,札幌,東区
セイコーマート元町北１８条店,北海道札幌市東区北１８条東２０丁目１番地１,札幌,東区
セイコーマート丘珠店,北海道札幌市東区丘珠町２８７-４,札幌,東区
セイコーマート伏古１１条店,北海道札幌市東区伏古１１条４丁目２番１３号,札幌,東区
セイコーマート北２７条東店,北海道札幌市東区北２７条東７丁目３番２２号,札幌,東区
セイコーマート百合が原公園店,北海道札幌市東区北５１条東１５丁目２番１５号,札幌,東区
セイコーマート東区元町東店,北海道札幌市東区北２４条東２２-１-１５,札幌,東区
セイコーマート東苗穂１０条店,北海道札幌市東区東苗穂１０条２-１９-２５,札幌,東区
セイコーマート北８条店,北海道札幌市東区北８条東１-１-２５,札幌,東区
セイコーマート環状通東店,北海道札幌市東区北１５条東１５-４-１５,札幌,東区
セイコーマート元町駅前店,北海道札幌市東区北２５条東１５-３-１０,札幌,東区
セイコーマート東雁来８条店,北海道札幌市東区東雁来８条１-７-１８,札幌,東区
セイコーマート伏古９条店,北海道札幌市東区伏古９条４丁目１番１号,札幌,東区
セイコーマート北４２条東１丁目店,北海道札幌市東区北４２条東１丁目３番１号,札幌,東区
セイコーマート東雁来１１条店,北海道札幌市東区東雁来１１条２丁目１番１号,札幌,東区
セイコーマート東苗穂８条店,北海道札幌市東区東苗穂８条２丁目３番５５号,札幌,東区
セイコーマート北１６条東店,北海道札幌市東区北１６条東１６丁目１番１号,札幌,東区
セイコーマート伏古５条店,北海道札幌市東区伏古５条３丁目４番３０号,札幌,東区
セイコーマート東苗穂１３条店,北海道札幌市東区東苗穂１３条３丁目２５番１号,札幌,東区
セイコーマート北２５条東店,北海道札幌市東区北２５条東２０丁目８番１５号,札幌,東区
セイコーマート北丘珠店,北海道札幌市東区北丘珠２条４丁目３番３０号,札幌,東区
セイコーマート東区本町１条店,北海道札幌市東区本町１条８丁目１番１号,札幌,東区
セイコーマートデ・アウネさっぽろ店,北海道札幌市東区北６条東４丁目,札幌,東区
セイコーマート東苗穂３条店,北海道札幌市東区東苗穂３条１丁目２番２号,札幌,東区
セイコーマートいしがき店,北海道札幌市白石区本通８-北６-１,札幌,白石区
セイコーマートうちだ店,北海道札幌市白石区菊水元町５条１-９,札幌,白石区
セイコーマート栄通２０丁目店,北海道札幌市白石区栄通２０-２-２３,札幌,白石区
セイコーマートなんぶ白石店,北海道札幌市白石区平和通５-北１１-１７,札幌,白石区
セイコーマート菊水５条店,北海道札幌市白石区菊水５条２丁目２番３号,札幌,白石区
セイコーマートみやぐち店,北海道札幌市白石区中央１条５-９-３７,札幌,白石区
セイコーマート丸昌店,北海道札幌市白石区東札幌２条５-６-３,札幌,白石区
セイコーマート南郷通１３丁目店,北海道札幌市白石区南郷通１３-南３-１,札幌,白石区
セイコーマート南郷通１９丁目店,北海道札幌市白石区南郷通１９-北１-５３,札幌,白石区
セイコーマート南郷店,北海道札幌市白石区南郷通１０丁目南４番５号,札幌,白石区
セイコーマート白石中央店,北海道札幌市白石区中央２条６-４,札幌,白石区
セイコーマート平和通店,北海道札幌市白石区平和通１１-北１-２８,札幌,白石区
セイコーマート北郷１３条通り店,北海道札幌市白石区北郷３条２-１３,札幌,白石区
セイコーマート北郷５条店,北海道札幌市白石区北郷５条４-６４７-２６,札幌,白石区
セイコーマート本郷店,北海道札幌市白石区本郷通６-南２-１３,札幌,白石区
セイコーマート本通５丁目店,北海道札幌市白石区本通５-南２６-２,札幌,白石区
セイコーマート流通センター店,北海道札幌市白石区流通センター７-９-６０,札幌,白石区
セイコーマート栄通２丁目店,北海道札幌市白石区栄通２丁目９番１号,札幌,白石区
セイコーマート菊水上町４条店,北海道札幌市白石区菊水上町４条２-５２-３０,札幌,白石区
セイコーマート北郷北都店,北海道札幌市白石区北郷３条１１丁目８番１号,札幌,白石区
セイコーマート南郷１８丁目店,北海道札幌市白石区南郷通１８-南５-１３,札幌,白石区
セイコーマート東札幌２条店,北海道札幌市白石区東札幌２条３-３-２２,札幌,白石区
セイコーマート菊水８条店,北海道札幌市白石区菊水８条３-１-３,札幌,白石区
セイコーマート菊水３条店,北海道札幌市白石区菊水３条２-１-１０,札幌,白石区
セイコーマート本通１４丁目店,北海道札幌市白石区本通１４-南３-６,札幌,白石区
セイコーマート地下鉄白石駅前店,北海道札幌市白石区南郷通２丁目南９番７号,札幌,白石区
セイコーマート菊水元町８条店,北海道札幌市白石区菊水元町８条２-９-１６,札幌,白石区
セイコーマート菊水元町１条店,北海道札幌市白石区菊水元町１条１-１０-８,札幌,白石区
セイコーマート菊水９条店,北海道札幌市白石区菊水９条２-３-１０,札幌,白石区
セイコーマート南郷通７丁目店,北海道札幌市白石区南郷通７-北５-３４,札幌,白石区
セイコーマート栄通９丁目店,北海道札幌市白石区栄通９丁目１番１号,札幌,白石区
セイコーマート白石駅北口店,北海道札幌市白石区北郷１条５丁目２番１１号,札幌,白石区
セイコーマート北郷５条７丁目店,北海道札幌市白石区北郷５条７丁目１番２４号,札幌,白石区
セイコーマート南郷通１６丁目店,北海道札幌市白石区南郷通１６丁目北７番１１号,札幌,白石区
セイコーマート南郷通８丁目店,北海道札幌市白石区南郷通８丁目南１番５号,札幌,白石区
セイコーマート川下３条店,北海道札幌市白石区川下３条３丁目１番１号,札幌,白石区
セイコーマート本郷通９丁目店,北海道札幌市白石区本郷通９丁目北１番８号,札幌,白石区
セイコーマート恵佑会札幌病院店,北海道札幌市白石区本通９丁目南１番１号,札幌,白石区
セイコーマートいしづか店,北海道札幌市豊平区水車町８-２-１,札幌,豊平区
セイコーマート美園駅前店,北海道札幌市豊平区美園７条６-１-１９,札幌,豊平区
セイコーマート月寒東３条店,北海道札幌市豊平区月寒東３条７-５-１,札幌,豊平区
セイコーマートかとう店,北海道札幌市豊平区平岸３条１８-３-１,札幌,豊平区
セイコーマート平岸３条店,北海道札幌市豊平区平岸３条１２-１-３３,札幌,豊平区
セイコーマート福住中央通店,北海道札幌市豊平区福住２条６丁目１番４３号,札幌,豊平区
セイコーマートすずき店,北海道札幌市豊平区豊平１条２-２-７,札幌,豊平区
セイコーマートたかしま店,北海道札幌市豊平区月寒東１条１６-１-３６,札幌,豊平区
セイコーマート美園１条店,北海道札幌市豊平区美園１条１丁目３番１号,札幌,豊平区
セイコーマートほんま店,北海道札幌市豊平区豊平４条１３-１-２４,札幌,豊平区
セイコーマート地下鉄学園前店,北海道札幌市豊平区旭町２-１-２１,札幌,豊平区
セイコーマート月寒３条店,北海道札幌市豊平区月寒東３条１６-６-２１,札幌,豊平区
セイコーマート月寒店,北海道札幌市豊平区月寒東１条１-１-１４,札幌,豊平区
セイコーマート西岡店,北海道札幌市豊平区月寒西２条１０-２-４０,札幌,豊平区
セイコーマート中の島駅前店,北海道札幌市豊平区中の島１条２-３-１,札幌,豊平区
セイコーマート東北通店,北海道札幌市豊平区月寒東５条１４丁目５番２８号,札幌,豊平区
セイコーマート豊平６条店,北海道札幌市豊平区豊平６条３-５-２８,札幌,豊平区
セイコーマート羊ケ丘店,北海道札幌市豊平区西岡５条３-７-１,札幌,豊平区
セイコーマート平岸２条店,北海道札幌市豊平区平岸２条７-１-２５,札幌,豊平区
セイコーマート月寒西店,北海道札幌市豊平区月寒西３条７-３-１,札幌,豊平区
セイコーマート天神山店,北海道札幌市豊平区平岸２条１４-２-５６,札幌,豊平区
セイコーマート平岸４条店,北海道札幌市豊平区平岸４条６丁目１番２０号,札幌,豊平区
セイコーマート木の花店,北海道札幌市豊平区平岸２条３-５-５,札幌,豊平区
セイコーマート西岡中前店,北海道札幌市豊平区西岡３条１２-２-１,札幌,豊平区
セイコーマート平岸駅前店,北海道札幌市豊平区平岸２条８-５-３０,札幌,豊平区
セイコーマート美園１０条店,北海道札幌市豊平区美園１０条７-１-１３,札幌,豊平区
セイコーマート中の島南店,北海道札幌市豊平区中の島２条８丁目１番３１号,札幌,豊平区
セイコーマート豊平６条８丁目店,北海道札幌市豊平区豊平６条８丁目２番２０号,札幌,豊平区
セイコーマート中の島２条店,北海道札幌市豊平区中の島２条２丁目６番１号中の島セントラルコーポ,札幌,豊平区
セイコーマート豊平３条店,北海道札幌市豊平区豊平３条５丁目１番２５号,札幌,豊平区
セイコーマート豊平８条店,北海道札幌市豊平区豊平８条１１丁目２番１０号,札幌,豊平区
セイコーマート札大正門前店,北海道札幌市豊平区西岡４条８丁目１番１号,札幌,豊平区
セイコーマート月寒東２条店,北海道札幌市豊平区月寒東２条５丁目２番２２号,札幌,豊平区
セイコーマート平岸高台店,北海道札幌市豊平区平岸４条１３丁目１１番１号,札幌,豊平区
セイコーマートあづま店,北海道札幌市南区南３８条西１１丁目,札幌,南区
セイコーマートおぐら川沿店,北海道札幌市南区川沿１２条３-１-２０,札幌,南区
セイコーマートおの店,北海道札幌市南区澄川２条３丁目,札幌,南区
セイコーマート石山２条店,北海道札幌市南区石山２条２-７-４５,札幌,南区
セイコーマートみすまい店,北海道札幌市南区簾舞３条６-８-３５,札幌,南区
セイコーマートしばはら店,北海道札幌市南区常盤５条２-９７-５,札幌,南区
セイコーマートたなか川沿２条店,北海道札幌市南区川沿２条２-５-４３,札幌,南区
セイコーマートたけだ川沿店,北海道札幌市南区川沿６条３-７-１５,札幌,南区
セイコーマートときわ店,北海道札幌市南区常盤２条２-６-３,札幌,南区
セイコーマートとみた澄川店,北海道札幌市南区澄川４条４丁目,札幌,南区
セイコーマートともえや店,北海道札幌市南区川沿１条５-４-１,札幌,南区
セイコーマート真駒内南町店,北海道札幌市南区真駒内南町２-７-１０,札幌,南区
セイコーマートほそかい店,北海道札幌市南区南３３条西１０-５-３１,札幌,南区
セイコーマート真駒内店,北海道札幌市南区真駒内上町２-３-２,札幌,南区
セイコーマート石山南店,北海道札幌市南区石山２条８-２-１,札幌,南区
セイコーマート南の沢店,北海道札幌市南区南沢１条３-１７-２８,札幌,南区
セイコーマート柏丘店,北海道札幌市南区真駒内柏丘５-６-３７,札幌,南区
セイコーマート定山渓温泉店,北海道札幌市南区定山渓温泉東３丁目２４０番地１,札幌,南区
セイコーマート南沢５条店,北海道札幌市南区南沢５条３-１-１３,札幌,南区
セイコーマート藤野３条店,北海道札幌市南区藤野３条５-５-３０,札幌,南区
セイコーマート澄川４条店,北海道札幌市南区澄川４条５-６-３,札幌,南区
セイコーマート澄川１条店,北海道札幌市南区澄川１条１-４-１２,札幌,南区
セイコーマート真駒内本町７丁目店,北海道札幌市南区真駒内本町７丁目１番１号,札幌,南区
セイコーマート澄川６条店,北海道札幌市南区澄川６条４丁目６番１号,札幌,南区
セイコーマート藤野５条店,北海道札幌市南区藤野５条２丁目２番１号,札幌,南区
セイコーマート藤野１条店,北海道札幌市南区藤野１条６丁目１番２７号,札幌,南区
セイコーマート石山店,北海道札幌市南区石山２条６丁目１４番１７号,札幌,南区
セイコーマート山の手４条店,北海道札幌市西区山の手４条１０丁目２番２４号,札幌,西区
セイコーマートうめづ店,北海道札幌市西区発寒１１条４-８-３４,札幌,西区
セイコーマートこばやし平和店,北海道札幌市西区平和２条５-１５-２０,札幌,西区
セイコーマート発寒６条店,北海道札幌市西区発寒６条９丁目１７番１号,札幌,西区
セイコーマートすがわら店,北海道札幌市西区西町北１１-４-１２,札幌,西区
セイコーマートとみた宮の沢店,北海道札幌市西区宮の沢３条３丁目,札幌,西区
セイコーマート西野１０条店,北海道札幌市西区西野１０条８-１７-１０,札幌,西区
セイコーマートはせべ店,北海道札幌市西区琴似３条３-１-１４,札幌,西区
セイコーマートまるぜん店,北海道札幌市西区西野５条６-３-１６,札幌,西区
セイコーマートみたむら店,北海道札幌市西区宮の沢１条３-３-１１,札幌,西区
セイコーマートよしみず店,北海道札幌市西区発寒１４条２丁目１番１号,札幌,西区
セイコーマート琴似駅前店,北海道札幌市西区琴似２条２-１-２,札幌,西区
セイコーマート琴似駅北口店,北海道札幌市西区八軒１条西２丁目３番１号,札幌,西区
セイコーマート山の手１条店,北海道札幌市西区山の手１条７丁目４番２６号,札幌,西区
セイコーマート西野３条店,北海道札幌市西区西野３条７-２-１４,札幌,西区
セイコーマート西野店,北海道札幌市西区西野１条２-１-１,札幌,西区
セイコーマート発寒１１条店,北海道札幌市西区発寒１１条１-８２２-１０,札幌,西区
セイコーマート発寒５条店,北海道札幌市西区発寒５条４-２-４３,札幌,西区
セイコーマート福井店,北海道札幌市西区福井４丁目１番１号,札幌,西区
セイコーマート発寒１条店,北海道札幌市西区発寒１条３-１-１５,札幌,西区
セイコーマート西町南店,北海道札幌市西区西町南１８-１-２,札幌,西区
セイコーマート西野７条店,北海道札幌市西区西野７条４-３-１,札幌,西区
セイコーマート琴似２条店,北海道札幌市西区琴似２条７丁目２番５号,札幌,西区
セイコーマート発寒１５条店,北海道札幌市西区発寒１５条１４丁目３番２０号,札幌,西区
セイコーマート二十四軒４条店,北海道札幌市西区二十四軒４条２丁目１番３０号,札幌,西区
セイコーマート二十四軒３条店,北海道札幌市西区二十四軒３条５丁目１番３号,札幌,西区
セイコーマート西町北２０丁目店,北海道札幌市西区西町北２０丁目１番１０号,札幌,西区
セイコーマート八軒１０条店,北海道札幌市西区八軒１０条東４丁目１番１７号,札幌,西区
セイコーマート二十四軒４条西店,北海道札幌市西区二十四軒４条７丁目３番１６号,札幌,西区
セイコーマート厚別中央２条北店,北海道札幌市厚別区厚別中央２条４-３-２３,札幌,厚別区
セイコーマート大谷地西店,北海道札幌市厚別区大谷地西３-３-１１,札幌,厚別区
セイコーマートもみじ台店,北海道札幌市厚別区もみじ台東４-２-１,札幌,厚別区
セイコーマートもみじ台北店,北海道札幌市厚別区もみじ台北５-１-６,札幌,厚別区
セイコーマート厚別中央店,北海道札幌市厚別区厚別中央３条３-３-５,札幌,厚別区
セイコーマート厚別東店,北海道札幌市厚別区厚別東１条５-１９-２０,札幌,厚別区
セイコーマート上野幌店,北海道札幌市厚別区上野幌２条５-１-１６,札幌,厚別区
セイコーマート新札幌店,北海道札幌市厚別区厚別中央１条７-１７-３７,札幌,厚別区
セイコーマート平岡パーク店,北海道札幌市厚別区上野幌３条３丁目,札幌,厚別区
セイコーマート上野幌駅前店,北海道札幌市厚別区厚別町上野幌６８６-５０,札幌,厚別区
セイコーマート厚別中央２条店,北海道札幌市厚別区厚別中央２条４-１-２０,札幌,厚別区
セイコーマート厚別南４丁目店,北海道札幌市厚別区厚別南４丁目３４番２１号,札幌,厚別区
セイコーマート大谷地東５丁目店,北海道札幌市厚別区大谷地東５丁目５番４０号,札幌,厚別区
セイコーマート厚別西２条店,北海道札幌市厚別区厚別西２条５丁目３番２０号,札幌,厚別区
セイコーマート地下鉄大谷地駅店,北海道札幌市厚別区大谷地東３丁目,札幌,厚別区
セイコーマート曙３条店,北海道札幌市手稲区曙３条２丁目４番５号,札幌,手稲区
セイコーマートいたがき店,北海道札幌市手稲区手稲本町４条３-１-２０,札幌,手稲区
セイコーマート前田７条店,北海道札幌市手稲区前田７条１７-４-３,札幌,手稲区
セイコーマート西宮の沢４条店,北海道札幌市手稲区西宮の沢４条３-１-７,札幌,手稲区
セイコーマートかわがき店,北海道札幌市手稲区前田４条１１-６-１,札幌,手稲区
セイコーマート稲積公園店,北海道札幌市手稲区前田２条４-３,札幌,手稲区
セイコーマート金山店,北海道札幌市手稲区金山１条３-１-４７,札幌,手稲区
セイコーマート曙２条店,北海道札幌市手稲区曙２条５丁目１８番１１号,札幌,手稲区
セイコーマート星置３条店,北海道札幌市手稲区星置３条５丁目８番１２号,札幌,手稲区
セイコーマート新発寒３条店,北海道札幌市手稲区新発寒３条４-３-６,札幌,手稲区
セイコーマート前田１条店,北海道札幌市手稲区前田１条６-２-１,札幌,手稲区
セイコーマート前田８条店,北海道札幌市手稲区前田８条１１-１-２７,札幌,手稲区
セイコーマート手稲本町店,北海道札幌市手稲区手稲本町２条５-４-１,札幌,手稲区
セイコーマート新発寒７条店,北海道札幌市手稲区新発寒７条１０-４-３,札幌,手稲区
セイコーマート星置１条店,北海道札幌市手稲区星置１条４-８-１,札幌,手稲区
セイコーマート手稲渓仁会３階店,北海道札幌市手稲区前田１条１２-１-４０　メディカル手稲３Ｆ,札幌,手稲区
セイコーマート明日風５丁目店,北海道札幌市手稲区明日風５-１９-２０,札幌,手稲区
セイコーマート西宮の沢５条店,北海道札幌市手稲区西宮の沢５条１丁目１１番１０号,札幌,手稲区
セイコーマート稲穂３条店,北海道札幌市手稲区稲穂３条３丁目１番１号,札幌,手稲区
セイコーマート前田５条店,北海道札幌市手稲区前田５条１５丁目７番２５号,札幌,手稲区
セイコーマート金山ＰＡ（上り）店,北海道札幌市手稲区稲穂５条６丁目２０２番地６０,札幌,手稲区
セイコーマート金山ＰＡ（下り）店,北海道札幌市手稲区稲穂４条７丁目７３番地６,札幌,手稲区
セイコーマートさとづか店,北海道札幌市清田区里塚１条１-２-１５,札幌,清田区
セイコーマート清田７条店,北海道札幌市清田区清田７条２-１７-３,札幌,清田区
セイコーマートまるひら店,北海道札幌市清田区北野１条１-９-３４,札幌,清田区
セイコーマート真栄店,北海道札幌市清田区真栄４条２-１７-４３,札幌,清田区
セイコーマート清田店,北海道札幌市清田区清田６条１-１７-１,札幌,清田区
セイコーマート平岡４条店,北海道札幌市清田区平岡４条１-１-２,札幌,清田区
セイコーマート北野６条店,北海道札幌市清田区北野６条４-２-２２,札幌,清田区
セイコーマート平岡６条店,北海道札幌市清田区平岡６条４-１８-１,札幌,清田区
セイコーマート北野店,北海道札幌市清田区北野２条３丁目３-１５,札幌,清田区
セイコーマート北野５条店,北海道札幌市清田区北野５条５丁目２０番４５号,札幌,清田区
セイコーマート平岡１条店,北海道札幌市清田区平岡１条４-２-１８,札幌,清田区
セイコーマート北野６条２丁目店,北海道札幌市清田区北野６条２丁目１２番２０号,札幌,清田区
セイコーマート平岡３条店,北海道札幌市清田区平岡３条３丁目１番１号,札幌,清田区
セイコーマート美しが丘店,北海道札幌市清田区美しが丘１条５丁目２番２０号,札幌,清田区
セイコーマート里塚２条店,北海道札幌市清田区里塚２条３丁目１番１号,札幌,清田区
セイコーマート函館宝来店,北海道函館市宝来町２-７,函館・大沼・松前,函館市
セイコーマート函館日吉店,北海道函館市日吉町４丁目１７番７号,函館・大沼・松前,函館市
セイコーマート函館富岡店,北海道函館市富岡町１-５１-１,函館・大沼・松前,函館市
セイコーマート函館松風店,北海道函館市松風町１２番１号,函館・大沼・松前,函館市
セイコーマート函館的場店,北海道函館市的場町２１-５,函館・大沼・松前,函館市
セイコーマート函館美原店,北海道函館市美原３-３８-２８,函館・大沼・松前,函館市
セイコーマート函館新川店,北海道函館市新川町２９-１２,函館・大沼・松前,函館市
セイコーマート函館赤川店,北海道函館市赤川町２４３-４,函館・大沼・松前,函館市
セイコーマート函館北美原店,北海道函館市北美原１-２０-１,函館・大沼・松前,函館市
セイコーマート函館豊川店,北海道函館市豊川町１６,函館・大沼・松前,函館市
セイコーマート函館吉川店,北海道函館市吉川町４-１７,函館・大沼・松前,函館市
セイコーマート尾札部店,北海道函館市尾札部町１７８５,函館・大沼・松前,函館市
セイコーマート函館小安店,北海道函館市小安町５５９-１,函館・大沼・松前,函館市
セイコーマート函館富岡３丁目店,北海道函館市富岡町３-５-１０,函館・大沼・松前,函館市
セイコーマート函館富岡１丁目店,北海道函館市富岡町１-２０-１４,函館・大沼・松前,函館市
セイコーマート函館上野店,北海道函館市上野町１-１,函館・大沼・松前,函館市
セイコーマート亀田店,北海道函館市亀田町１４番２号,函館・大沼・松前,函館市
セイコーマート函館戸倉店,北海道函館市戸倉町３３-８,函館・大沼・松前,函館市
セイコーマート函館松陰店,北海道函館市松陰町９番２８号,函館・大沼・松前,函館市
セイコーマート函館柏木店,北海道函館市柏木町８番２号,函館・大沼・松前,函館市
セイコーマート桔梗町南店,北海道函館市桔梗町４０３番地３２８,函館・大沼・松前,函館市
セイコーマート函館神山店,北海道函館市神山２丁目１０番１１号,函館・大沼・松前,函館市
セイコーマート函館本通店,北海道函館市本通２丁目５４番１６号,函館・大沼・松前,函館市
セイコーマート函館西旭岡店,北海道函館市西旭岡町１丁目３１番地１３,函館・大沼・松前,函館市
セイコーマート函館山の手店,北海道函館市山の手３-１２-７,函館・大沼・松前,函館市
セイコーマート函館西桔梗店,北海道函館市西桔梗町２４６-１１８,函館・大沼・松前,函館市
セイコーマート桔梗４丁目店,北海道函館市桔梗４-６-２６,函館・大沼・松前,函館市
セイコーマート函館昭和公園店,北海道函館市昭和町２２-１６２,函館・大沼・松前,函館市
セイコーマート函館宮前店,北海道函館市宮前町２５番１号,函館・大沼・松前,函館市
セイコーマート函館本通１丁目店,北海道函館市本通１丁目３６番３０号,函館・大沼・松前,函館市
セイコーマート函館港町店,北海道函館市港町３丁目５番２５号,函館・大沼・松前,函館市
セイコーマート函館公園線店,北海道函館市梁川町６番６号,函館・大沼・松前,函館市
セイコーマート函館五稜郭店,北海道函館市五稜郭町３１番３号,函館・大沼・松前,函館市
セイコーマート函館石川店,北海道函館市石川町４６９番２５,函館・大沼・松前,函館市
セイコーマート函館銭亀店,北海道函館市銭亀町１２１番地１,函館・大沼・松前,函館市
セイコーマート函館花園店,北海道函館市花園町２６番３号,函館・大沼・松前,函館市
セイコーマートなかた店,北海道小樽市稲穂３-４-１７,小樽・キロロ・積丹,小樽市
セイコーマート桜町店,北海道小樽市桜２-９-１,小樽・キロロ・積丹,小樽市
セイコーマート新光店,北海道小樽市新光５丁目１８番２号,小樽・キロロ・積丹,小樽市
セイコーマート小樽石山店,北海道小樽市石山町３５-１３,小樽・キロロ・積丹,小樽市
セイコーマート望洋台店,北海道小樽市望洋台２-３０-１,小樽・キロロ・積丹,小樽市
セイコーマート小樽築港店,北海道小樽市築港７-１２,小樽・キロロ・積丹,小樽市
セイコーマート小樽入船店,北海道小樽市入船４-７-２,小樽・キロロ・積丹,小樽市
セイコーマートかめやま高島店,北海道小樽市高島３-１-６,小樽・キロロ・積丹,小樽市
セイコーマート小樽最上店,北海道小樽市最上１-１６-２３,小樽・キロロ・積丹,小樽市
セイコーマート小樽若竹店,北海道小樽市若竹町３-２２,小樽・キロロ・積丹,小樽市
セイコーマート小樽梅ヶ枝店,北海道小樽市梅ヶ枝町３５-１５,小樽・キロロ・積丹,小樽市
セイコーマート小樽銭函店,北海道小樽市銭函３-１５-４,小樽・キロロ・積丹,小樽市
セイコーマート小樽長橋店,北海道小樽市長橋４丁目６番１号,小樽・キロロ・積丹,小樽市
セイコーマート小樽塩谷店,北海道小樽市塩谷２丁目１７番７号,小樽・キロロ・積丹,小樽市
セイコーマート入船１丁目店,北海道小樽市入船１丁目４番１６号,小樽・キロロ・積丹,小樽市
セイコーマート旭川９条通店,北海道旭川市９条通１６丁目２４番地１２１,旭川・層雲峡,旭川市
セイコーマート神居６条店,北海道旭川市神居６条１０丁目３番３号,旭川・層雲峡,旭川市
セイコーマート東鷹栖１条店,北海道旭川市東鷹栖１条３-６３５-１５,旭川・層雲峡,旭川市
セイコーマート旭川北門町店,北海道旭川市北門町１４丁目２１４４番地１２５,旭川・層雲峡,旭川市
セイコーマートまるひで店,北海道旭川市忠和５条６-１-１２,旭川・層雲峡,旭川市
セイコーマート東光１３条店,北海道旭川市東光１３条１-３-１８,旭川・層雲峡,旭川市
セイコーマートよねき店,北海道旭川市旭町１条２丁目,旭川・層雲峡,旭川市
セイコーマート豊岡８条店,北海道旭川市豊岡８条１丁目１番２２号,旭川・層雲峡,旭川市
セイコーマート旭川７条店,北海道旭川市７条西１-１-１７,旭川・層雲峡,旭川市
セイコーマート永山７条４丁目店,北海道旭川市永山７条４丁目２番６号,旭川・層雲峡,旭川市
セイコーマート旭川緑が丘店,北海道旭川市西御料２条１-１-１,旭川・層雲峡,旭川市
セイコーマート旭町店,北海道旭川市旭町１条１７-２９８５-２６,旭川・層雲峡,旭川市
セイコーマート永山２条店,北海道旭川市永山２条２２,旭川・層雲峡,旭川市
セイコーマート春光台店,北海道旭川市春光台３条６-３-２,旭川・層雲峡,旭川市
セイコーマート千代ヶ岡店,北海道旭川市西神楽２線２４号,旭川・層雲峡,旭川市
セイコーマート東光６条店,北海道旭川市東光６条４-３４９-１,旭川・層雲峡,旭川市
セイコーマート豊岡４条店,北海道旭川市豊岡４条９丁目１番１０号,旭川・層雲峡,旭川市
セイコーマート永山４条店,北海道旭川市永山４条３-１-２３,旭川・層雲峡,旭川市
セイコーマート旭川末広３条店,北海道旭川市末広３条７-１-１,旭川・層雲峡,旭川市
セイコーマート旭川トーヨーホテル店,北海道旭川市７条通７-３２-１２-１,旭川・層雲峡,旭川市
セイコーマート旭川永山１１条店,北海道旭川市永山１１条１-１２１-２,旭川・層雲峡,旭川市
セイコーマート豊岡６条店,北海道旭川市豊岡６条４-２-１,旭川・層雲峡,旭川市
セイコーマート豊岡１５条店,北海道旭川市豊岡１５条７-３-１８,旭川・層雲峡,旭川市
セイコーマート旭川末広４条店,北海道旭川市末広４条１０-４-１５,旭川・層雲峡,旭川市
セイコーマート豊岡１１条店,北海道旭川市豊岡１１条７-１-２,旭川・層雲峡,旭川市
セイコーマート東光１４条店,北海道旭川市東光１４条６丁目５番２１号,旭川・層雲峡,旭川市
セイコーマート春光５条店,北海道旭川市春光５条７丁目１１番３１号,旭川・層雲峡,旭川市
セイコーマート旭川１条通店,北海道旭川市１条通８丁目右１０号,旭川・層雲峡,旭川市
セイコーマート神楽岡通店,北海道旭川市神楽岡８条２丁目１番２０号,旭川・層雲峡,旭川市
セイコーマート旭川あたご店,北海道旭川市豊岡１１条５丁目５番２号,旭川・層雲峡,旭川市
セイコーマート旭川台場店,北海道旭川市台場２条３-１-３,旭川・層雲峡,旭川市
セイコーマート東旭川店,北海道旭川市東旭川南１条７-１-２３,旭川・層雲峡,旭川市
セイコーマート旭川流通団地店,北海道旭川市流通団地２条１丁目８-８,旭川・層雲峡,旭川市
セイコーマート旭川神居７条店,北海道旭川市神居７条１-２-７,旭川・層雲峡,旭川市
セイコーマート旭川８条通店,北海道旭川市８条通９-５２-１０,旭川・層雲峡,旭川市
セイコーマート旭川４条通１０丁目店,北海道旭川市４条通１０丁目２２３４番地９,旭川・層雲峡,旭川市
セイコーマート旭川本町店,北海道旭川市旭町１条３-２５８２-１３,旭川・層雲峡,旭川市
セイコーマート旭川末広１条店,北海道旭川市末広１条３-３-１７,旭川・層雲峡,旭川市
セイコーマート東旭川上兵村店,北海道旭川市東旭川町上兵村２８１番地の２,旭川・層雲峡,旭川市
セイコーマート旭川末広東３条店,北海道旭川市末広東３条４丁目９番２０号,旭川・層雲峡,旭川市
セイコーマート東光２条店,北海道旭川市東光２条２丁目５番２３号,旭川・層雲峡,旭川市
セイコーマート永山７条店,北海道旭川市永山７条８丁目６番３号,旭川・層雲峡,旭川市
セイコーマート旭川２条通店,北海道旭川市２条通１８丁目４７０番地,旭川・層雲峡,旭川市
セイコーマート旭川流通団地２条店,北海道旭川市流通団地２条４丁目１７番地,旭川・層雲峡,旭川市
セイコーマート豊岡４条６丁目店,北海道旭川市豊岡４条６丁目２番１号,旭川・層雲峡,旭川市
セイコーマート旭川末広東１条１０丁目店,北海道旭川市末広東１条１０丁目２番１号,旭川・層雲峡,旭川市
セイコーマート神楽３条店,北海道旭川市神楽３条９丁目１番２７号,旭川・層雲峡,旭川市
セイコーマートルートイングランド旭川店,北海道旭川市宮下通８丁目１９６２番地１,旭川・層雲峡,旭川市
セイコーマート春光台３条店,北海道旭川市春光台３条３丁目１番１９号,旭川・層雲峡,旭川市
セイコーマート旭川６条大雪通店,北海道旭川市６条通１９丁目１７１７番地２１６,旭川・層雲峡,旭川市
セイコーマートあずみ店,北海道室蘭市港北町１-５-３,洞爺・登別・苫小牧,室蘭市
セイコーマート室蘭高砂２丁目店,北海道室蘭市高砂町２-２８-６,洞爺・登別・苫小牧,室蘭市
セイコーマート室蘭八丁平店,北海道室蘭市八丁平２-７-３１,洞爺・登別・苫小牧,室蘭市
セイコーマートこんどう店,北海道室蘭市絵鞆町１-１２-１５,洞爺・登別・苫小牧,室蘭市
セイコーマート室蘭港南町店,北海道室蘭市港南町１-１９-９,洞爺・登別・苫小牧,室蘭市
セイコーマート室蘭母恋店,北海道室蘭市母恋南町１-７-８,洞爺・登別・苫小牧,室蘭市
セイコーマート室蘭高砂店,北海道室蘭市高砂町１-２-１５,洞爺・登別・苫小牧,室蘭市
セイコーマート白鳥台店,北海道室蘭市白鳥台４-１９-４１,洞爺・登別・苫小牧,室蘭市
セイコーマート室蘭中島本町店,北海道室蘭市中島本町１-１２-３７,洞爺・登別・苫小牧,室蘭市
セイコーマート室蘭御前水店,北海道室蘭市御前水町１丁目１３番２９号,洞爺・登別・苫小牧,室蘭市
セイコーマート室蘭栄町店,北海道室蘭市栄町２丁目４番１４号,洞爺・登別・苫小牧,室蘭市
セイコーマート室蘭日の出町店,北海道室蘭市日の出町１-２-４,洞爺・登別・苫小牧,室蘭市
セイコーマート東室蘭駅前店,北海道室蘭市中島町３丁目２５番２号,洞爺・登別・苫小牧,室蘭市
セイコーマート室蘭知利別店,北海道室蘭市知利別町１-１-１１,洞爺・登別・苫小牧,室蘭市
セイコーマート室蘭東町４丁目店,北海道室蘭市東町４丁目２５番１２号,洞爺・登別・苫小牧,室蘭市
セイコーマート室蘭高砂４丁目店,北海道室蘭市高砂町４丁目３２番１５号,洞爺・登別・苫小牧,室蘭市
セイコーマートカネトさとう店,北海道釧路市芦野５-１５-１３,釧路・阿寒・根室・川湯・屈斜路,釧路市
セイコーマートきたぼし店,北海道釧路市材木町１２-１１,釧路・阿寒・根室・川湯・屈斜路,釧路市
セイコーマート釧路昭和４丁目店,北海道釧路市昭和町４丁目８番１３号,釧路・阿寒・根室・川湯・屈斜路,釧路市
セイコーマート釧路材木町店,北海道釧路市材木町２１番２３号,釧路・阿寒・根室・川湯・屈斜路,釧路市
セイコーマート釧路春採店,北海道釧路市春採１丁目１３番２号,釧路・阿寒・根室・川湯・屈斜路,釧路市
セイコーマート桜ヶ岡店,北海道釧路市桜ヶ岡７-１-２,釧路・阿寒・根室・川湯・屈斜路,釧路市
セイコーマート城山釧路店,北海道釧路市城山１-６-２４,釧路・阿寒・根室・川湯・屈斜路,釧路市
セイコーマート新富士店,北海道釧路市新富士町６-２-９,釧路・阿寒・根室・川湯・屈斜路,釧路市
セイコーマート武佐店,北海道釧路市武佐２-３５-３０,釧路・阿寒・根室・川湯・屈斜路,釧路市
セイコーマート文苑店,北海道釧路市文苑１-２３-１０,釧路・阿寒・根室・川湯・屈斜路,釧路市
セイコーマート芦野店,北海道釧路市芦野５-１-２,釧路・阿寒・根室・川湯・屈斜路,釧路市
セイコーマート阿寒湖バスセンター店,北海道釧路市阿寒町阿寒湖温泉３-４-５,釧路・阿寒・根室・川湯・屈斜路,釧路市
セイコーマート音別店,北海道釧路市音別町朝日２-１４,釧路・阿寒・根室・川湯・屈斜路,釧路市
セイコーマート阿寒店,北海道釧路市阿寒町仲町２-２-２,釧路・阿寒・根室・川湯・屈斜路,釧路市
セイコーマート阿寒湖温泉店,北海道釧路市阿寒町阿寒湖温泉４-３-４６,釧路・阿寒・根室・川湯・屈斜路,釧路市
セイコーマート釧路南大通店,北海道釧路市南大通２丁目１番５号,釧路・阿寒・根室・川湯・屈斜路,釧路市
セイコーマート釧路美原店,北海道釧路市美原５-３１-４,釧路・阿寒・根室・川湯・屈斜路,釧路市
セイコーマート末広４丁目店,北海道釧路市末広町４-９-３,釧路・阿寒・根室・川湯・屈斜路,釧路市
セイコーマート鶴野店,北海道釧路市鶴野東５-２５-２１,釧路・阿寒・根室・川湯・屈斜路,釧路市
セイコーマート釧路星が浦店,北海道釧路市星が浦北２-４-２５,釧路・阿寒・根室・川湯・屈斜路,釧路市
セイコーマート鶴野東店,北海道釧路市鶴野東５-１-１１,釧路・阿寒・根室・川湯・屈斜路,釧路市
セイコーマート星が浦大通店,北海道釧路市星が浦大通５-５-８,釧路・阿寒・根室・川湯・屈斜路,釧路市
セイコーマート釧路海運店,北海道釧路市海運１-１-１３,釧路・阿寒・根室・川湯・屈斜路,釧路市
セイコーマート鳥取大通９丁目店,北海道釧路市鳥取大通９-７-１,釧路・阿寒・根室・川湯・屈斜路,釧路市
セイコーマート釧路興津店,北海道釧路市春採４丁目３０番１９号,釧路・阿寒・根室・川湯・屈斜路,釧路市
セイコーマート釧路花園店,北海道釧路市花園町１０番３２号,釧路・阿寒・根室・川湯・屈斜路,釧路市
セイコーマート釧路鶴ヶ岱店,北海道釧路市鶴ヶ岱２丁目１番３号,釧路・阿寒・根室・川湯・屈斜路,釧路市
セイコーマート釧路昭和南店,北海道釧路市昭和南６丁目１５番１２号,釧路・阿寒・根室・川湯・屈斜路,釧路市
セイコーマート釧路若草店,北海道釧路市若草町４番６号,釧路・阿寒・根室・川湯・屈斜路,釧路市
セイコーマート釧路和商市場店,北海道釧路市黒金町１３丁目２５番地の５,釧路・阿寒・根室・川湯・屈斜路,釧路市
セイコーマート帯広白樺通店,北海道帯広市西１９条南３丁目５５番２０号,帯広・十勝,帯広市
セイコーマート帯広電信通店,北海道帯広市大通南６丁目６番地１,帯広・十勝,帯広市
セイコーマート愛国店,北海道帯広市愛国町基線４４-１１,帯広・十勝,帯広市
セイコーマート帯広栄通店,北海道帯広市西２１条南３丁目２番地３,帯広・十勝,帯広市
セイコーマート春駒通り店,北海道帯広市西１２条南１８-２-１,帯広・十勝,帯広市
セイコーマート西帯店,北海道帯広市西２４条南３丁目,帯広・十勝,帯広市
セイコーマート帯広西２１条店,北海道帯広市西２１条南２-４３-６,帯広・十勝,帯広市
セイコーマート帯広大空店,北海道帯広市大空町１-４-５,帯広・十勝,帯広市
セイコーマート柏林台駅前店,北海道帯広市西１８条北１-２９-４,帯広・十勝,帯広市
セイコーマート帯広西２３条店,北海道帯広市西２３条北１-１８,帯広・十勝,帯広市
セイコーマート鈴蘭新道店,北海道帯広市西１２条北３-１-２９,帯広・十勝,帯広市
セイコーマート帯広西１５条店,北海道帯広市西１５条北７-１-９,帯広・十勝,帯広市
セイコーマート帯広大通店,北海道帯広市大通南２６丁目５番,帯広・十勝,帯広市
セイコーマート帯広学園通店,北海道帯広市西１２条南４１-４,帯広・十勝,帯広市
セイコーマート帯広西２２条店,北海道帯広市西２２条南３-３３-４,帯広・十勝,帯広市
セイコーマート帯広東１２条店,北海道帯広市東１２条南５-１０,帯広・十勝,帯広市
セイコーマート帯広自由が丘店,北海道帯広市自由が丘４丁目９番地１０,帯広・十勝,帯広市
セイコーマート十勝支庁店,北海道帯広市東３条南３-４,帯広・十勝,帯広市
セイコーマート帯広駅前店,北海道帯広市西１条南１２丁目１番地,帯広・十勝,帯広市
セイコーマート稲田南店,北海道帯広市西５条南４１-７-２,帯広・十勝,帯広市
セイコーマート西帯広２丁目店,北海道帯広市西２３条南２-１-１０,帯広・十勝,帯広市
セイコーマート帯広弥生新道店,北海道帯広市西１８条南３１丁目４番地１,帯広・十勝,帯広市
セイコーマート帯広新緑通店,北海道帯広市西１３条南１４-１-１３,帯広・十勝,帯広市
セイコーマート清柳大橋店,北海道帯広市東４条南２４-１-１,帯広・十勝,帯広市
セイコーマート帯広五中前店,北海道帯広市西１６条南４-１６-１５,帯広・十勝,帯広市
セイコーマート帯広西２０条店,北海道帯広市西２０条南４-３９-１２,帯広・十勝,帯広市
セイコーマート帯広公園東通店,北海道帯広市西１２条南２７丁目１４番地,帯広・十勝,帯広市
セイコーマート帯広西１６条店,北海道帯広市西１６条南３３丁目１番１１号,帯広・十勝,帯広市
セイコーマート帯広南の森店,北海道帯広市南の森東２丁目１２番地１２,帯広・十勝,帯広市
セイコーマート帯広清流東店,北海道帯広市清流東２丁目１２番地１,帯広・十勝,帯広市
セイコーマートとん田西町店,北海道北見市とん田西町３０９番地９,網走・北見・知床,北見市
セイコーマート北見駅前店,北海道北見市大通西２-１２,網走・北見・知床,北見市
セイコーマート北見田端店,北海道北見市田端町７１-１１,網走・北見・知床,北見市
セイコーマート清月店,北海道北見市清月町７-２,網走・北見・知床,北見市
セイコーマート美芳店,北海道北見市美芳町５-４-４,網走・北見・知床,北見市
セイコーマート北見すえひろ店,北海道北見市末広町６６５-６,網走・北見・知床,北見市
セイコーマートるべしべ店,北海道北見市留辺蘂町旭公園９５-４,網走・北見・知床,北見市
セイコーマートところ店,北海道北見市常呂町常呂５７６-５,網走・北見・知床,北見市
セイコーマート美山店,北海道北見市美山町南５丁目１３６-６,網走・北見・知床,北見市
セイコーマート北見寿店,北海道北見市寿町３-４-６,網走・北見・知床,北見市
セイコーマート北見大正店,北海道北見市大正１４０-１１,網走・北見・知床,北見市
セイコーマート北見川沿店,北海道北見市川沿町１４５-１０９,網走・北見・知床,北見市
セイコーマート北見幸町店,北海道北見市幸町２丁目１番２３号,網走・北見・知床,北見市
セイコーマート北見卸町店,北海道北見市卸町１-１-１,網走・北見・知床,北見市
セイコーマート北見中央三輪店,北海道北見市中央三輪１-３６３-１,網走・北見・知床,北見市
セイコーマート北見常盤店,北海道北見市常盤町４-１３-１０,網走・北見・知床,北見市
セイコーマート上ところ店,北海道北見市上ところ２８５番地,網走・北見・知床,北見市
セイコーマート北見端野店,北海道北見市端野町三区４６７番地１,網走・北見・知床,北見市
セイコーマート北見春光店,北海道北見市春光町２丁目１５５番地４４,網走・北見・知床,北見市
セイコーマート相内店,北海道北見市相内町１８４番地２,網走・北見・知床,北見市
セイコーマートもみじやま店,北海道夕張市紅葉山４７１-８,石狩・空知・千歳,夕張市
セイコーマート夕張南清水沢店,北海道夕張市南清水沢３-３８-３,石狩・空知・千歳,夕張市
セイコーマート夕張本町店,北海道夕張市本町６-１-３,石狩・空知・千歳,夕張市
セイコーマート夕張清水沢店,北海道夕張市清水沢３-１３１-２,石狩・空知・千歳,夕張市
セイコーマート岩見沢３条店,北海道岩見沢市３条西１１丁目１番地８,石狩・空知・千歳,岩見沢市
セイコーマートひらき店,北海道岩見沢市上幌向南１条４-１２６２-８,石狩・空知・千歳,岩見沢市
セイコーマート岩見沢日の出台店,北海道岩見沢市日の出台７-３-２３,石狩・空知・千歳,岩見沢市
セイコーマート上志文店,北海道岩見沢市志文町３５１-２,石狩・空知・千歳,岩見沢市
セイコーマート幌向店,北海道岩見沢市幌向南１条４-３５５-３,石狩・空知・千歳,岩見沢市
セイコーマートきたむら店,北海道岩見沢市北村赤川５８６-２,石狩・空知・千歳,岩見沢市
セイコーマート栗沢店,北海道岩見沢市栗沢本町１５０番３,石狩・空知・千歳,岩見沢市
セイコーマート岩見沢４条店,北海道岩見沢市４条東７-２７,石狩・空知・千歳,岩見沢市
セイコーマート岩見沢志文店,北海道岩見沢市志文町２０８番地５,石狩・空知・千歳,岩見沢市
セイコーマート栗沢最上店,北海道岩見沢市栗沢町字最上１２番地４３,石狩・空知・千歳,岩見沢市
セイコーマート岩見沢５条店,北海道岩見沢市５条東１５丁目５番地１,石狩・空知・千歳,岩見沢市
セイコーマート萩の山スキー場店,北海道岩見沢市上志文町２０番地１,石狩・空知・千歳,岩見沢市
セイコーマート岩見沢６条店,北海道岩見沢市６条西１丁目１番地１,石狩・空知・千歳,岩見沢市
セイコーマート岩見沢東店,北海道岩見沢市５条東１７丁目１８番地１１,石狩・空知・千歳,岩見沢市
セイコーマート岩見沢７条店,北海道岩見沢市７条東４丁目６番地１,石狩・空知・千歳,岩見沢市
セイコーマート岩見沢７条西２０丁目店,北海道岩見沢市７条西２０丁目２番地１,石狩・空知・千歳,岩見沢市
セイコーマートおおはし店,北海道網走市つくしケ丘６丁目,網走・北見・知床,網走市
セイコーマート駒場北店,北海道網走市駒場北３-３-１,網走・北見・知床,網走市
セイコーマート北浜店,北海道網走市字北浜９０-１,網走・北見・知床,網走市
セイコーマート網走潮見店,北海道網走市潮見２-３０-３,網走・北見・知床,網走市
セイコーマート網走学園通店,北海道網走市潮見１８７-１,網走・北見・知床,網走市
セイコーマート網走潮見３丁目店,北海道網走市潮見３-８-１,網走・北見・知床,網走市
セイコーマート網走南２条店,北海道網走市南２条西４-２-３,網走・北見・知床,網走市
セイコーマート卯原内店,北海道網走市二見ヶ岡１０５-２０,網走・北見・知床,網走市
セイコーマート網走北６条店,北海道網走市北６条西５-４-１,網走・北見・知床,網走市
セイコーマート留萌沖見店,北海道留萌市沖見町３-８５-６,稚内・留萌,留萌市
セイコーマート留萌元川店,北海道留萌市元川町２-１５４-１,稚内・留萌,留萌市
セイコーマート留萌錦町店,北海道留萌市錦町３丁目１番１号,稚内・留萌,留萌市
セイコーマートいちかわ店,北海道苫小牧市北光町４-１３-２０,洞爺・登別・苫小牧,苫小牧市
セイコーマートウトナイ中央店,北海道苫小牧市ウトナイ北２丁目１番３０号,洞爺・登別・苫小牧,苫小牧市
セイコーマートウトナイ店,北海道苫小牧市ウトナイ北１０丁目１７番１０号,洞爺・登別・苫小牧,苫小牧市
セイコーマートおおもり店,北海道苫小牧市大成町１-１２-８,洞爺・登別・苫小牧,苫小牧市
セイコーマートクリーン店,北海道苫小牧市日新町４-３-２５,洞爺・登別・苫小牧,苫小牧市
セイコーマートふじもと店,北海道苫小牧市しらかば町６-２２-６,洞爺・登別・苫小牧,苫小牧市
セイコーマート苫小牧表町店,北海道苫小牧市表町５丁目２番２号,洞爺・登別・苫小牧,苫小牧市
セイコーマートゆうふつ店,北海道苫小牧市字勇払３６-８,洞爺・登別・苫小牧,苫小牧市
セイコーマート沼ノ端店,北海道苫小牧市沼ノ端中央２丁目１番９号,洞爺・登別・苫小牧,苫小牧市
セイコーマート苫小牧日吉町１丁目店,北海道苫小牧市日吉町１丁目６番１７号,洞爺・登別・苫小牧,苫小牧市
セイコーマート苫小牧澄川店,北海道苫小牧市澄川町８-２-１,洞爺・登別・苫小牧,苫小牧市
セイコーマート明野元町店,北海道苫小牧市明野元町２-２-４,洞爺・登別・苫小牧,苫小牧市
セイコーマート拓勇東町４丁目店,北海道苫小牧市拓勇東町４丁目１８番２６号,洞爺・登別・苫小牧,苫小牧市
セイコーマート苫小牧柏木店,北海道苫小牧市柏木町６-２１-２３,洞爺・登別・苫小牧,苫小牧市
セイコーマート苫小牧一本松店,北海道苫小牧市一本松町１４-６,洞爺・登別・苫小牧,苫小牧市
セイコーマート苫小牧大町店,北海道苫小牧市大町２-１-１,洞爺・登別・苫小牧,苫小牧市
セイコーマート苫小牧元中野店,北海道苫小牧市元中野町４-８-５,洞爺・登別・苫小牧,苫小牧市
セイコーマート拓勇東町６丁目店,北海道苫小牧市拓勇東町６丁目４番１６号,洞爺・登別・苫小牧,苫小牧市
セイコーマート苫小牧港南店,北海道苫小牧市字勇払１４５-１０７,洞爺・登別・苫小牧,苫小牧市
セイコーマートドーミーイン苫小牧店,北海道苫小牧市錦町２-１-２２,洞爺・登別・苫小牧,苫小牧市
セイコーマート苫小牧東開店,北海道苫小牧市東開町４-２１-３２,洞爺・登別・苫小牧,苫小牧市
セイコーマート苫小牧春日店,北海道苫小牧市春日町１-７-１７,洞爺・登別・苫小牧,苫小牧市
セイコーマート元中野３丁目店,北海道苫小牧市元中野３-６-２２,洞爺・登別・苫小牧,苫小牧市
セイコーマート苫小牧弥生店,北海道苫小牧市弥生町１-９-４,洞爺・登別・苫小牧,苫小牧市
セイコーマート苫小牧新開店,北海道苫小牧市新開町３-１０-９,洞爺・登別・苫小牧,苫小牧市
セイコーマート苫小牧三光店,北海道苫小牧市三光町２-１６-２０,洞爺・登別・苫小牧,苫小牧市
セイコーマート拓勇西町店,北海道苫小牧市拓勇西町１丁目１４番１４号,洞爺・登別・苫小牧,苫小牧市
セイコーマート柏木５丁目店,北海道苫小牧市柏木町５-１６-２１,洞爺・登別・苫小牧,苫小牧市
セイコーマート苫小牧川沿店,北海道苫小牧市川沿町４-２-１２,洞爺・登別・苫小牧,苫小牧市
セイコーマート拓勇西町７丁目店,北海道苫小牧市拓勇西町７丁目１番１４号,洞爺・登別・苫小牧,苫小牧市
セイコーマート桜木町３丁目店,北海道苫小牧市桜木町３-１９-２３,洞爺・登別・苫小牧,苫小牧市
セイコーマート苫小牧新明町店,北海道苫小牧市新明町１-２-５,洞爺・登別・苫小牧,苫小牧市
セイコーマート苫小牧明野店,北海道苫小牧市明野新町６-２８-７,洞爺・登別・苫小牧,苫小牧市
セイコーマート苫小牧美園店,北海道苫小牧市美園町２-１-９,洞爺・登別・苫小牧,苫小牧市
セイコーマート苫小牧ときわ店,北海道苫小牧市ときわ町５丁目１９番１５号,洞爺・登別・苫小牧,苫小牧市
セイコーマート苫東店,北海道苫小牧市字柏原６番地の２４７,洞爺・登別・苫小牧,苫小牧市
セイコーマート苫小牧明徳店,北海道苫小牧市明徳町１丁目７番２１号,洞爺・登別・苫小牧,苫小牧市
セイコーマート苫小牧有珠の沢店,北海道苫小牧市有珠の沢町４丁目２０番３７号,洞爺・登別・苫小牧,苫小牧市
セイコーマート苫小牧沼ノ端ＴＳ店,北海道苫小牧市沼ノ端６０２番６,洞爺・登別・苫小牧,苫小牧市
セイコーマートえびす店,北海道稚内市恵比須５-１-２１,稚内・留萌,稚内市
セイコーマートかたやま店,北海道稚内市はまなす２-４-１,稚内・留萌,稚内市
セイコーマートきくや店,北海道稚内市潮見１-６-１８,稚内・留萌,稚内市
セイコーマートきごし店,北海道稚内市萩見２-１５-１０,稚内・留萌,稚内市
セイコーマートこまどり店,北海道稚内市こまどり５-２-１０,稚内・留萌,稚内市
セイコーマートさの末広店,北海道稚内市潮見２-５-１７,稚内・留萌,稚内市
セイコーマートとみいそ店,北海道稚内市宗谷村富磯,稚内・留萌,稚内市
セイコーマートなかがわ稚内店,北海道稚内市港３-１-４,稚内・留萌,稚内市
セイコーマートふるにし店,北海道稚内市緑２丁目３番１９号,稚内・留萌,稚内市
セイコーマートみどり店,北海道稚内市緑４-１７-５,稚内・留萌,稚内市
セイコーマートみなと店,北海道稚内市港５丁目５番２１号,稚内・留萌,稚内市
セイコーマート若葉台店,北海道稚内市萩見５-３５-８,稚内・留萌,稚内市
セイコーマート大黒店,北海道稚内市大黒３-４-４４,稚内・留萌,稚内市
セイコーマート稚内中央店,北海道稚内市中央４丁目６番３号,稚内・留萌,稚内市
セイコーマート南稚内店,北海道稚内市末広２-１-２,稚内・留萌,稚内市
セイコーマート宝来店,北海道稚内市宝来４-７-３７,稚内・留萌,稚内市
セイコーマート稚内１条通店,北海道稚内市中央５-９-１７,稚内・留萌,稚内市
セイコーマート稚内駅前店,北海道稚内市中央３-６-１,稚内・留萌,稚内市
セイコーマート丸田まえだ店,北海道美唄市大通西１条北４-１-２０,石狩・空知・千歳,美唄市
セイコーマート専修大学前店,北海道美唄市光珠内北３６７-１２,石狩・空知・千歳,美唄市
セイコーマート美唄東３条店,北海道美唄市東３条南６-９-２３,石狩・空知・千歳,美唄市
セイコーマート美唄共練店,北海道美唄市東３条南５-３-５,石狩・空知・千歳,美唄市
セイコーマート美唄東５条店,北海道美唄市東５条北５丁目１番１５号,石狩・空知・千歳,美唄市
セイコーマート上芦別店,北海道芦別市上芦別町１０５,石狩・空知・千歳,芦別市
セイコーマート芦別北３条店,北海道芦別市北３条東１-３-６,石狩・空知・千歳,芦別市
セイコーマート芦別北店,北海道芦別市北５条西３-１,石狩・空知・千歳,芦別市
セイコーマートあきた店,北海道江別市文京台４３-１４,石狩・空知・千歳,江別市
セイコーマートこざわ店,北海道江別市東光町３３-２０,石狩・空知・千歳,江別市
セイコーマートみなみ店,北海道江別市野幌屯田町３３-３,石狩・空知・千歳,江別市
セイコーマート江別朝日店,北海道江別市朝日町２８-８,石狩・空知・千歳,江別市
セイコーマートゆめみ野店,北海道江別市上江別南町５２-６,石狩・空知・千歳,江別市
セイコーマート江別中央店,北海道江別市中央町２９-１０,石狩・空知・千歳,江別市
セイコーマート文京台店,北海道江別市文京台２７番地の７,石狩・空知・千歳,江別市
セイコーマート上江別西町店,北海道江別市上江別西町５６番地４,石狩・空知・千歳,江別市
セイコーマート泉町店,北海道江別市大麻泉町５-１,石狩・空知・千歳,江別市
セイコーマート東野幌店,北海道江別市あさひが丘７-１２,石狩・空知・千歳,江別市
セイコーマート白樺通店,北海道江別市野幌若葉町２０-２０,石狩・空知・千歳,江別市
セイコーマート豊幌店,北海道江別市豊幌美咲町３-１３,石狩・空知・千歳,江別市
セイコーマート野幌若葉店,北海道江別市野幌若葉町４６-１６,石狩・空知・千歳,江別市
セイコーマート野幌ＰＡ下り店,北海道江別市西野幌３６-２,石狩・空知・千歳,江別市
セイコーマート野幌ＰＡ上り店,北海道江別市西野幌６９-７,石狩・空知・千歳,江別市
セイコーマート江別幸町店,北海道江別市幸町１２番１７,石狩・空知・千歳,江別市
セイコーマート大麻東町店,北海道江別市大麻東町１-２,石狩・空知・千歳,江別市
セイコーマート上江別東町店,北海道江別市上江別西町２-１,石狩・空知・千歳,江別市
セイコーマート野幌駅前店,北海道江別市野幌東町５-１７,石狩・空知・千歳,江別市
セイコーマート江別工業団地店,北海道江別市工栄町２７番地の３,石狩・空知・千歳,江別市
セイコーマート大麻ひかり町店,北海道江別市大麻ひかり町１７番地の１５,石狩・空知・千歳,江別市
セイコーマート元江別店,北海道江別市元江別８７３番地の１９,石狩・空知・千歳,江別市
セイコーマート赤平東大町店,北海道赤平市東大町３丁目１２番地,石狩・空知・千歳,赤平市
セイコーマート紋別ごとう店,北海道紋別市落石町４-３４-７,網走・北見・知床,紋別市
セイコーマート紋別港町店,北海道紋別市港町６-１０-３,網走・北見・知床,紋別市
セイコーマート紋別大山店,北海道紋別市大山町３-５-５１,網走・北見・知床,紋別市
セイコーマート紋別南が丘店,北海道紋別市南が丘町７丁目８番５号,網走・北見・知床,紋別市
セイコーマート紋別落石店,北海道紋別市落石町３丁目３７番２０号,網走・北見・知床,紋別市
セイコーマート紋別海洋公園店,北海道紋別市海洋公園１番地,網走・北見・知床,紋別市
セイコーマート上渚滑店,北海道紋別市上渚滑町４丁目１３８番地の１,網走・北見・知床,紋別市
セイコーマート紋別緑町５丁目店,北海道紋別市緑町５丁目６番１０号,網走・北見・知床,紋別市
セイコーマート士別南大通り店,北海道士別市東２条９-２,旭川・層雲峡,士別市
セイコーマート士別北大通り店,北海道士別市東１条北７-８,旭川・層雲峡,士別市
セイコーマート上士別店,北海道士別市上士別町１４３８,旭川・層雲峡,士別市
セイコーマート士別西店,北海道士別市西３条１-４,旭川・層雲峡,士別市
セイコーマート名寄大通店,北海道名寄市大通北５-７,旭川・層雲峡,名寄市
セイコーマート名寄中央店,北海道名寄市西４条南１-１０-１,旭川・層雲峡,名寄市
セイコーマート名寄西４条店,北海道名寄市西４条南９丁目４番１号,旭川・層雲峡,名寄市
セイコーマート風連店,北海道名寄市風連町大町３４,旭川・層雲峡,名寄市
セイコーマート名寄東６条店,北海道名寄市東６条南９-１０９-７５,旭川・層雲峡,名寄市
セイコーマート名寄西１０条店,北海道名寄市西１０条北４丁目８番地１１０,旭川・層雲峡,名寄市
セイコーマート三笠店,北海道三笠市本町２４８-６,石狩・空知・千歳,三笠市
セイコーマートたぼ琴平店,北海道根室市琴平町２-３４,釧路・阿寒・根室・川湯・屈斜路,根室市
セイコーマートのと店,北海道根室市宝林町２-１２２,釧路・阿寒・根室・川湯・屈斜路,根室市
セイコーマート花咲店,北海道根室市花咲港１８０-１,釧路・阿寒・根室・川湯・屈斜路,根室市
セイコーマート光洋店,北海道根室市光洋町２-３４,釧路・阿寒・根室・川湯・屈斜路,根室市
セイコーマート根室西浜店,北海道根室市西浜町９丁目１１番地３,釧路・阿寒・根室・川湯・屈斜路,根室市
セイコーマートうちやま歯舞店,北海道根室市歯舞３-４-１,釧路・阿寒・根室・川湯・屈斜路,根室市
セイコーマート根室平内店,北海道根室市平内町２-１６,釧路・阿寒・根室・川湯・屈斜路,根室市
セイコーマート根室厚床店,北海道根室市厚床１-２１９-１４,釧路・阿寒・根室・川湯・屈斜路,根室市
セイコーマート根室高校前店,北海道根室市光洋町３-３８-３,釧路・阿寒・根室・川湯・屈斜路,根室市
セイコーマート千歳住吉店,北海道千歳市住吉３-１４-９,石狩・空知・千歳,千歳市
セイコーマートふくみや店,北海道千歳市花園６-１-１,石狩・空知・千歳,千歳市
セイコーマート向陽台店,北海道千歳市柏陽１-３-５,石狩・空知・千歳,千歳市
セイコーマート千歳富丘店,北海道千歳市富丘１-２８-９,石狩・空知・千歳,千歳市
セイコーマート千歳北陽店,北海道千歳市北陽３丁目６番８号,石狩・空知・千歳,千歳市
セイコーマート北斗店,北海道千歳市北斗１-１６-１６,石狩・空知・千歳,千歳市
セイコーマート千歳日の出店,北海道千歳市日の出１-１-５０,石狩・空知・千歳,千歳市
セイコーマート千歳梅ヶ丘店,北海道千歳市梅ヶ丘２丁目１番１号,石狩・空知・千歳,千歳市
セイコーマート千歳花園店,北海道千歳市花園７-１３-１３,石狩・空知・千歳,千歳市
セイコーマート長都駅前店,北海道千歳市長都駅前３-１-２９,石狩・空知・千歳,千歳市
セイコーマート千歳稲穂店,北海道千歳市稲穂３-１１-８,石狩・空知・千歳,千歳市
セイコーマート千歳高台店,北海道千歳市高台１-６-３,石狩・空知・千歳,千歳市
セイコーマート千歳若草店,北海道千歳市若草１-２-４,石狩・空知・千歳,千歳市
セイコーマート千歳長都みどり台店,北海道千歳市みどり台北２丁目２番４号,石狩・空知・千歳,千歳市
セイコーマート千歳新富店,北海道千歳市新富１丁目２０番５号,石狩・空知・千歳,千歳市
セイコーマート千歳大和店,北海道千歳市大和１丁目４番２１号,石狩・空知・千歳,千歳市
セイコーマート北斗４丁目店,北海道千歳市北斗４丁目１４番２０号,石狩・空知・千歳,千歳市
セイコーマートよしはら店,北海道滝川市明神町４-４-３５,石狩・空知・千歳,滝川市
セイコーマート滝川黄金店,北海道滝川市黄金町東３-１-１,石狩・空知・千歳,滝川市
セイコーマート滝川幸町店,北海道滝川市幸町２-２-２６,石狩・空知・千歳,滝川市
セイコーマート滝川滝の川店,北海道滝川市滝の川町東４-１４-１２,石狩・空知・千歳,滝川市
セイコーマート東滝川店,北海道滝川市東滝川町３丁目１-１０,石狩・空知・千歳,滝川市
セイコーマート江部乙店,北海道滝川市江部乙町西１１丁目１番６３号,石狩・空知・千歳,滝川市
セイコーマート滝川本町店,北海道滝川市本町１丁目１番３０号,石狩・空知・千歳,滝川市
セイコーマート滝川東町店,北海道滝川市東町５丁目１番１５号,石狩・空知・千歳,滝川市
セイコーマート砂川吉野店,北海道砂川市吉野１条南５丁目１番１号,石狩・空知・千歳,砂川市
セイコーマート砂川空知太店,北海道砂川市空知太東２-２-４,石狩・空知・千歳,砂川市
セイコーマート砂川南店,北海道砂川市西１条南１１-１-６,石狩・空知・千歳,砂川市
セイコーマート空知太東１条店,北海道砂川市空知太東１条５-１-１１,石狩・空知・千歳,砂川市
セイコーマート砂川西２条店,北海道砂川市西２条北３-１-１,石狩・空知・千歳,砂川市
セイコーマート砂川東１条店,北海道砂川市東１条北１０丁目１番３号,石狩・空知・千歳,砂川市
セイコーマート歌志内店,北海道歌志内市字文珠２２６-１７,石狩・空知・千歳,歌志内市
セイコーマート歌志内東光店,北海道歌志内市字東光２-４,石狩・空知・千歳,歌志内市
セイコーマート深川店,北海道深川市北光町２-１４-７,石狩・空知・千歳,深川市
セイコーマート深川西町店,北海道深川市西町２-１９,石狩・空知・千歳,深川市
セイコーマート深川多度志店,北海道深川市多度志１２０,石狩・空知・千歳,深川市
セイコーマート納内店,北海道深川市納内町３-７-４１,石狩・空知・千歳,深川市
セイコーマート富良野山部店,北海道富良野市山部中町３番１０号,富良野・美瑛・トマム,富良野市
セイコーマート瑞穂店,北海道富良野市瑞穂町１-２７,富良野・美瑛・トマム,富良野市
セイコーマート富良野店,北海道富良野市本町１２番２９号,富良野・美瑛・トマム,富良野市
セイコーマート富良野北の峰店,北海道富良野市北の峰町３０-１９,富良野・美瑛・トマム,富良野市
セイコーマートなりた店,北海道登別市登別東町２-１０-５,洞爺・登別・苫小牧,登別市
セイコーマート登別富士店,北海道登別市富士町６-２０-４,洞爺・登別・苫小牧,登別市
セイコーマート登別店,北海道登別市登別温泉町６０,洞爺・登別・苫小牧,登別市
セイコーマート登別新生店,北海道登別市新生町２-１３-７,洞爺・登別・苫小牧,登別市
セイコーマート登別若草店,北海道登別市若草町４-１７-７,洞爺・登別・苫小牧,登別市
セイコーマート登別中央店,北海道登別市中央町７-１０-１,洞爺・登別・苫小牧,登別市
セイコーマート恵庭島松店,北海道恵庭市島松寿町１-９-１３,石狩・空知・千歳,恵庭市
セイコーマートさちづる中店,北海道恵庭市中島町５-８-６,石狩・空知・千歳,恵庭市
セイコーマートさちづる南店,北海道恵庭市桜町２-６-６,石狩・空知・千歳,恵庭市
セイコーマート恵み野北店,北海道恵庭市恵み野北１-１-１０,石狩・空知・千歳,恵庭市
セイコーマートしろ店,北海道恵庭市黄金中央４-９-１,石狩・空知・千歳,恵庭市
セイコーマート恵庭有明店,北海道恵庭市有明町２丁目１６番９号,石狩・空知・千歳,恵庭市
セイコーマートまきば店,北海道恵庭市美咲野１-１１-１１,石狩・空知・千歳,恵庭市
セイコーマート恵庭中央店,北海道恵庭市中央８９,石狩・空知・千歳,恵庭市
セイコーマート恵庭和光店,北海道恵庭市和光町１-１-１２,石狩・空知・千歳,恵庭市
セイコーマート文京店,北海道恵庭市文京町２-２０-６,石狩・空知・千歳,恵庭市
セイコーマートさちづる東店,北海道恵庭市黄金南３-７-１２,石狩・空知・千歳,恵庭市
セイコーマート恵庭柏木店,北海道恵庭市柏木町３丁目１３番４５号,石狩・空知・千歳,恵庭市
セイコーマート戸磯工業団地店,北海道恵庭市和光町５-１５-１,石狩・空知・千歳,恵庭市
セイコーマート恵庭緑町店,北海道恵庭市緑町２丁目１番１号,石狩・空知・千歳,恵庭市
セイコーマート長和店,北海道伊達市長和町４５９番地９９,洞爺・登別・苫小牧,伊達市
セイコーマートたなか伊達店,北海道伊達市旭町６９-１９,洞爺・登別・苫小牧,伊達市
セイコーマートマルタたなか店,北海道伊達市山下町１１８-３７,洞爺・登別・苫小牧,伊達市
セイコーマートろうげつ店,北海道伊達市弄月町２３９-１,洞爺・登別・苫小牧,伊達市
セイコーマート伊達末永店,北海道伊達市末永町２４３-２,洞爺・登別・苫小牧,伊達市
セイコーマート南有珠店,北海道伊達市南有珠町１４７-４,洞爺・登別・苫小牧,伊達市
セイコーマート大滝店,北海道伊達市大滝区優徳町８７-２,洞爺・登別・苫小牧,伊達市
セイコーマート伊達舟岡店,北海道伊達市舟岡町３５１-１,洞爺・登別・苫小牧,伊達市
セイコーマート大曲緑ヶ丘店,北海道北広島市大曲緑ヶ丘７-８-１,石狩・空知・千歳,北広島市
セイコーマート柏葉台店,北海道北広島市大曲柏葉２-１-１３,石狩・空知・千歳,北広島市
セイコーマート北広島高台店,北海道北広島市高台町３-１０-１,石狩・空知・千歳,北広島市
セイコーマート北広島西口店,北海道北広島市北進町１-４-６,石狩・空知・千歳,北広島市
セイコーマートはら店,北海道北広島市輪厚元町１-１-１,石狩・空知・千歳,北広島市
セイコーマート北広島白樺店,北海道北広島市白樺町１-７-１,石狩・空知・千歳,北広島市
セイコーマート大曲工業団地店,北海道北広島市大曲工業団地５-３-３,石狩・空知・千歳,北広島市
セイコーマート北広島西の里店,北海道北広島市西の里北１-１-１,石狩・空知・千歳,北広島市
セイコーマート北広島北の里店,北海道北広島市北の里３６-３,石狩・空知・千歳,北広島市
セイコーマート北広島中央店,北海道北広島市中央１丁目５番地２３,石狩・空知・千歳,北広島市
セイコーマートうえだ店,北海道石狩市花川南６条２-２１２,石狩・空知・千歳,石狩市
セイコーマート花川南５条店,北海道石狩市花川南５条１丁目１番地７,石狩・空知・千歳,石狩市
セイコーマートばんなぐろ店,北海道石狩市花川北６条２丁目２２,石狩・空知・千歳,石狩市
セイコーマート花川南店,北海道石狩市花川南１条２-２３５-１,石狩・空知・千歳,石狩市
セイコーマート新港中央店,北海道石狩市新港中央１-２０２,石狩・空知・千歳,石狩市
セイコーマート親船店,北海道石狩市船場町１１８,石狩・空知・千歳,石狩市
セイコーマート緑苑台店,北海道石狩市緑苑台東３条３-２３６,石狩・空知・千歳,石狩市
セイコーマート花川北２条店,北海道石狩市花川北２条２-２０２-２,石狩・空知・千歳,石狩市
セイコーマートよしの店,北海道石狩市厚田区望来５８-１,石狩・空知・千歳,石狩市
セイコーマート厚田店,北海道石狩市厚田区厚田７-３,石狩・空知・千歳,石狩市
セイコーマート浜益店,北海道石狩市浜益区川下５２-５,石狩・空知・千歳,石狩市
セイコーマート新港西店,北海道石狩市新港西３-７３８,石狩・空知・千歳,石狩市
セイコーマート花川北４条店,北海道石狩市花川北４条３-５-２,石狩・空知・千歳,石狩市
セイコーマート石狩八幡店,北海道石狩市八幡２丁目３３２番地１１,石狩・空知・千歳,石狩市
セイコーマート新港東店,北海道石狩市新港東２-１６１-１,石狩・空知・千歳,石狩市
セイコーマート花川南９条店,北海道石狩市花川南９条４丁目８番地,石狩・空知・千歳,石狩市
セイコーマート新港西１丁目店,北海道石狩市新港西１丁目７２１番地１２,石狩・空知・千歳,石狩市
セイコーマート新港南店,北海道石狩市新港南２丁目７０１番地,石狩・空知・千歳,石狩市
セイコーマート北斗中野通店,北海道北斗市中野通２丁目８番１４号,函館・大沼・松前,北斗市
セイコーマート大野店,北海道北斗市字市渡４６５,函館・大沼・松前,北斗市
セイコーマート上磯久根別店,北海道北斗市久根別４-４-１０,函館・大沼・松前,北斗市
セイコーマート北斗七重浜店,北海道北斗市七重浜７-１３-３,函館・大沼・松前,北斗市
セイコーマート北斗向野店,北海道北斗市向野１丁目４番７号,函館・大沼・松前,北斗市
セイコーマート当別弥生店,北海道石狩郡当別町弥生１-１,石狩・空知・千歳,当別町
セイコーマート当別太美店,北海道石狩郡当別町太美南９６５-２５,石狩・空知・千歳,当別町
セイコーマート当別東町店,北海道石狩郡当別町東町３７１番地１３,石狩・空知・千歳,当別町
セイコーマート新篠津店,北海道石狩郡新篠津村第４６線北１３,石狩・空知・千歳,新篠津村
セイコーマート松前静浦店,北海道松前郡松前町字静浦２２１-１,函館・大沼・松前,松前町
セイコーマート松前朝日店,北海道松前郡松前町字朝日４７７-１,函館・大沼・松前,松前町
セイコーマート福島店,北海道松前郡福島町字福島４６-１７,函館・大沼・松前,福島町
セイコーマート知内元町店,北海道上磯郡知内町字元町１２６,函館・大沼・松前,知内町
セイコーマート二吉いとう店,北海道上磯郡知内町重内３１-１０５,函館・大沼・松前,知内町
セイコーマート木古内店,北海道上磯郡木古内町本町３２８番地２,函館・大沼・松前,木古内町
セイコーマート木古内泉沢店,北海道上磯郡木古内町字泉沢６８-１,函館・大沼・松前,木古内町
セイコーマート七飯本町店,北海道亀田郡七飯町本町２丁目４-４,函館・大沼・松前,七飯町
セイコーマート七飯大川店,北海道亀田郡七飯町大川８-１２-１８,函館・大沼・松前,七飯町
セイコーマート七飯大中山店,北海道亀田郡七飯町大中山１丁目６番１８号,函館・大沼・松前,七飯町
セイコーマート七飯桜町店,北海道亀田郡七飯町桜町１丁目１番５号,函館・大沼・松前,七飯町
セイコーマート七飯大沼店,北海道亀田郡七飯町字大沼８１６番地３０,函館・大沼・松前,七飯町
セイコーマート鹿部店,北海道茅部郡鹿部町字宮浜９４-２,函館・大沼・松前,鹿部町
セイコーマート砂原店,北海道茅部郡森町字砂原２-７７-１,函館・大沼・松前,森町
セイコーマート森川町店,北海道茅部郡森町字森川町２４１番地１,函館・大沼・松前,森町
セイコーマート森尾白内店,北海道茅部郡森町字尾白内町３６６-１,函館・大沼・松前,森町
セイコーマート八雲出雲店,北海道二海郡八雲町出雲町５７-１,函館・大沼・松前,八雲町
セイコーマート熊石店,北海道二海郡八雲町熊石根崎町５５-１,函館・大沼・松前,八雲町
セイコーマート八雲東雲店,北海道二海郡八雲町東雲町３-１４,函館・大沼・松前,八雲町
セイコーマート八雲落部店,北海道二海郡八雲町字落部５４９,函館・大沼・松前,八雲町
セイコーマート長万部センター通店,北海道山越郡長万部町字長万部４３１-８５,函館・大沼・松前,長万部町
セイコーマート江差新地店,北海道檜山郡江差町新地町６７,函館・大沼・松前,江差町
セイコーマート江差尾山店,北海道檜山郡江差町字尾山町４６-２,函館・大沼・松前,江差町
セイコーマート上ノ国店,北海道檜山郡上ノ国町字大留１７０-２,函館・大沼・松前,上ノ国町
セイコーマートヤマコこばやし店,北海道檜山郡厚沢部町本町８０-６,函館・大沼・松前,厚沢部町
セイコーマート乙部店,北海道爾志郡乙部町字館浦４９０番地１,函館・大沼・松前,乙部町
セイコーマート奥尻店,北海道奥尻郡奥尻町字奥尻７４１,離島（利尻・礼文・天売・焼尻）,奥尻町
セイコーマート今金店,北海道瀬棚郡今金町字今金１７-６４,函館・大沼・松前,今金町
セイコーマート大成店,北海道久遠郡せたな町大成区宮野１７７,函館・大沼・松前,せたな町
セイコーマート瀬棚店,北海道久遠郡せたな町瀬棚区本町７４７-１,函館・大沼・松前,せたな町
セイコーマート北桧山店,北海道久遠郡せたな町北檜山区北檜山１８８-８,函館・大沼・松前,せたな町
セイコーマート島牧店,北海道島牧郡島牧村泊５７-３,ニセコ・ルスツ,島牧村
セイコーマート歌棄店,北海道寿都郡寿都町歌棄町歌棄２４５,ニセコ・ルスツ,寿都町
セイコーマート寿都店,北海道寿都郡寿都町六条町１６３-２,ニセコ・ルスツ,寿都町
セイコーマート寿都矢追店,北海道寿都郡寿都町字矢追町５７９-１５,ニセコ・ルスツ,寿都町
セイコーマート黒松内店,北海道寿都郡黒松内町字黒松内４４１-１４,ニセコ・ルスツ,黒松内町
セイコーマート蘭越中央店,北海道磯谷郡蘭越町蘭越町１１３-１１,ニセコ・ルスツ,蘭越町
セイコーマート蘭越店,北海道磯谷郡蘭越町蘭越町４２８-３,ニセコ・ルスツ,蘭越町
セイコーマートニセコ店,北海道虻田郡ニセコ町字本通１３７-５,ニセコ・ルスツ,ニセコ町
セイコーマート真狩店,北海道虻田郡真狩村字真狩１２１番地７,ニセコ・ルスツ,真狩村
セイコーマートルスツ店,北海道虻田郡留寿都村字泉川１４４,ニセコ・ルスツ,留寿都村
セイコーマートようていルスツ店,北海道虻田郡留寿都村字留寿都８５番地,ニセコ・ルスツ,留寿都村
セイコーマート喜茂別店,北海道虻田郡喜茂別町字喜茂別３５５番地４５,ニセコ・ルスツ,喜茂別町
セイコーマート京極店,北海道虻田郡京極町字京極５３５,ニセコ・ルスツ,京極町
セイコーマートニセコひらふ店,北海道虻田郡倶知安町ニセコひらふ１条３-３-８,ニセコ・ルスツ,倶知安町
セイコーマート倶知安南８条店,北海道虻田郡倶知安町南８条東１-１-１０,ニセコ・ルスツ,倶知安町
セイコーマート倶知安北１条店,北海道虻田郡倶知安町北１条東１-３,ニセコ・ルスツ,倶知安町
セイコーマート倶知安北３条店,北海道虻田郡倶知安町北３条東５-５,ニセコ・ルスツ,倶知安町
セイコーマート倶知安高砂店,北海道虻田郡倶知安町字高砂８４-７,ニセコ・ルスツ,倶知安町
セイコーマート国富店,北海道岩内郡共和町国富３,ニセコ・ルスツ,共和町
セイコーマートりやむない店,北海道岩内郡共和町梨野舞納９-２８,ニセコ・ルスツ,共和町
セイコーマート岩内万代店,北海道岩内郡岩内町字万代９-１０,ニセコ・ルスツ,岩内町
セイコーマート岩内東山店,北海道岩内郡岩内町字東山１２３番地の３,ニセコ・ルスツ,岩内町
セイコーマート泊店,北海道古宇郡泊村大字堀株村字滝ノ澗１９-１８,ニセコ・ルスツ,泊村
セイコーマート美国店,北海道積丹郡積丹町美国町船澗７２,小樽・キロロ・積丹,積丹町
セイコーマートふるびら店,北海道古平郡古平町大字浜町７５,小樽・キロロ・積丹,古平町
セイコーマート仁木店,北海道余市郡仁木町北町７-３-２,小樽・キロロ・積丹,仁木町
セイコーマート余市黒川店,北海道余市郡余市町黒川町１５-２１-１０,小樽・キロロ・積丹,余市町
セイコーマート余市浜中店,北海道余市郡余市町浜中町１０６-３,小樽・キロロ・積丹,余市町
セイコーマート余市大川店,北海道余市郡余市町大川町１１-６５,小樽・キロロ・積丹,余市町
セイコーマート余市黒川小前店,北海道余市郡余市町黒川町８８５番地４,小樽・キロロ・積丹,余市町
セイコーマート赤井川店,北海道余市郡赤井川村字赤井川２８５,小樽・キロロ・積丹,赤井川村
セイコーマートなんぽろ店,北海道空知郡南幌町稲穂２-４-１４,石狩・空知・千歳,南幌町
セイコーマート南幌栄町店,北海道空知郡南幌町栄町２丁目１番１４号,石狩・空知・千歳,南幌町
セイコーマート奈井江店,北海道空知郡奈井江町奈井江町２２５,石狩・空知・千歳,奈井江町
セイコーマート奈井江本町店,北海道空知郡奈井江町字奈井江１４４-５,石狩・空知・千歳,奈井江町
セイコーマート上砂川店,北海道空知郡上砂川町鶉１条３-１-１,石狩・空知・千歳,上砂川町
セイコーマートともひろ店,北海道夕張郡由仁町東三川５１８,石狩・空知・千歳,由仁町
セイコーマート三川店,北海道夕張郡由仁町三川緑町５６,石狩・空知・千歳,由仁町
セイコーマート由仁店,北海道夕張郡由仁町東栄１６-４,石狩・空知・千歳,由仁町
セイコーマートかわみなみ店,北海道夕張郡長沼町東９線南７,石狩・空知・千歳,長沼町
セイコーマート長沼店,北海道夕張郡長沼町錦町北１-１３-６-１,石狩・空知・千歳,長沼町
セイコーマート栗山中央店,北海道夕張郡栗山町中央２丁目１０１番地１,石狩・空知・千歳,栗山町
セイコーマート新十津川店,北海道樺戸郡新十津川町弥生１-８,石狩・空知・千歳,新十津川町
セイコーマート新十津川中央店,北海道樺戸郡新十津川町字中央７３-４１,石狩・空知・千歳,新十津川町
セイコーマート妹背牛店,北海道雨竜郡妹背牛町字妹背牛３７８-８,石狩・空知・千歳,妹背牛町
セイコーマート秩父別店,北海道雨竜郡秩父別町１２７２-５,石狩・空知・千歳,秩父別町
セイコーマートいけだ雨竜店,北海道雨竜郡雨竜町第８町内,石狩・空知・千歳,雨竜町
セイコーマートへきすい店,北海道雨竜郡北竜町碧水６-１,石狩・空知・千歳,北竜町
セイコーマート沼田店,北海道雨竜郡沼田町本通６-４-５８,石狩・空知・千歳,沼田町
セイコーマート鷹栖店,北海道上川郡鷹栖町北野西３条１丁目２番１号,旭川・層雲峡,鷹栖町
セイコーマート東神楽１条店,北海道上川郡東神楽町北１条西２丁目１２番１１号,旭川・層雲峡,東神楽町
セイコーマートひじり野店,北海道上川郡東神楽町ひじり野南１-４-６２-１２９,旭川・層雲峡,東神楽町
セイコーマート当麻３条店,北海道上川郡当麻町３条西４-１４-１３,旭川・層雲峡,当麻町
セイコーマート比布新町店,北海道上川郡比布町新町２丁目１番２号,旭川・層雲峡,比布町
セイコーマート愛別店,北海道上川郡愛別町字中央２４１,旭川・層雲峡,愛別町
セイコーマート上川中央店,北海道上川郡上川町中央町５６,旭川・層雲峡,上川町
セイコーマート層雲峡店,北海道上川郡上川町字層雲峡,旭川・層雲峡,上川町
セイコーマート東川店,北海道上川郡東川町北町４-１-１,旭川・層雲峡,東川町
セイコーマート美瑛店,北海道上川郡美瑛町幸町１丁目,富良野・美瑛・トマム,美瑛町
セイコーマート上富良野店,北海道空知郡上富良野町南町２-１０５４-７,富良野・美瑛・トマム,上富良野町
セイコーマート上富良野宮町店,北海道空知郡上富良野町宮町３丁目６番１８号,富良野・美瑛・トマム,上富良野町
セイコーマート中富良野店,北海道空知郡中富良野町新町１-２５,富良野・美瑛・トマム,中富良野町
セイコーマート南富良野店,北海道空知郡南富良野町字幾寅６１７番地２４,富良野・美瑛・トマム,南富良野町
セイコーマート和寒店,北海道上川郡和寒町字北町２３,旭川・層雲峡,和寒町
セイコーマートけんぶち店,北海道上川郡剣淵町西町２１-５,旭川・層雲峡,剣淵町
セイコーマート下川店,北海道上川郡下川町西町２４０,旭川・層雲峡,下川町
セイコーマート美深店,北海道中川郡美深町大通南７丁目１６番地１５,稚内・留萌,美深町
セイコーマート音威子府店,北海道中川郡音威子府村字音威子府４８８,稚内・留萌,音威子府村
セイコーマート天塩中川店,北海道中川郡中川町字中川２２９-１２,稚内・留萌,中川町
セイコーマートいとう増毛店,北海道増毛郡増毛町舎熊３９７-１,稚内・留萌,増毛町
セイコーマート増毛南暑寒町店,北海道増毛郡増毛町南暑寒町６丁目７４番地の１０,稚内・留萌,増毛町
セイコーマート小平店,北海道留萌郡小平町字小平町１２９-１３,稚内・留萌,小平町
セイコーマート鬼鹿店,北海道留萌郡小平町字鬼鹿港町１７１-２,稚内・留萌,小平町
セイコーマートむらい苫前店,北海道苫前郡苫前町字苫前１９６-１,稚内・留萌,苫前町
セイコーマート古丹別店,北海道苫前郡苫前町字古丹別２４９-２２,稚内・留萌,苫前町
セイコーマートよこやま羽幌店,北海道苫前郡羽幌町南大通５丁目,稚内・留萌,羽幌町
セイコーマート羽幌南町店,北海道苫前郡羽幌町南町３１-２６,稚内・留萌,羽幌町
セイコーマート羽幌北大通店,北海道苫前郡羽幌町北大通４-８-１,稚内・留萌,羽幌町
セイコーマート初山別店,北海道苫前郡初山別村字初山別９７番１,稚内・留萌,初山別村
セイコーマート遠別店,北海道天塩郡遠別町字本町５-１７,稚内・留萌,遠別町
セイコーマート遠別本町店,北海道天塩郡遠別町字本町２-４０-４１,稚内・留萌,遠別町
セイコーマートあかつか天塩店,北海道天塩郡天塩町字川口５７８８-６,稚内・留萌,天塩町
セイコーマート天塩川口店,北海道天塩郡天塩町字川口５６９２番地２,稚内・留萌,天塩町
セイコーマートさるふつ店,北海道宗谷郡猿払村浜鬼志別９８８-２,稚内・留萌,猿払村
セイコーマート浜頓別緑ヶ丘店,北海道枝幸郡浜頓別町緑ヶ丘３-３,稚内・留萌,浜頓別町
セイコーマート浜頓別店,北海道枝幸郡浜頓別町大通４丁目,稚内・留萌,浜頓別町
セイコーマートなかとんべつ店,北海道枝幸郡中頓別町字中頓別１６１-３,稚内・留萌,中頓別町
セイコーマートふじた枝幸店,北海道枝幸郡枝幸町乙忠部１２７-１,稚内・留萌,枝幸町
セイコーマート枝幸店,北海道枝幸郡枝幸町岬町,稚内・留萌,枝幸町
セイコーマート枝幸さいわい店,北海道枝幸郡枝幸町幸町１３１２-１,稚内・留萌,枝幸町
セイコーマート歌登店,北海道枝幸郡枝幸町歌登西町１２０-８７,稚内・留萌,枝幸町
セイコーマート枝幸栄町店,北海道枝幸郡枝幸町栄町６４９番地４,稚内・留萌,枝幸町
セイコーマートエベコロ店,北海道天塩郡豊富町大通り１丁目,稚内・留萌,豊富町
セイコーマートとよとみ店,北海道天塩郡豊富町大通り１１丁目,稚内・留萌,豊富町
セイコーマート香深店,北海道礼文郡礼文町大字香深村字ヘウケトンナイ１７６,離島（利尻・礼文・天売・焼尻）,礼文町
セイコーマート沓形店,北海道利尻郡利尻町沓形字本町８１,離島（利尻・礼文・天売・焼尻）,利尻町
セイコーマート利尻店,北海道利尻郡利尻富士町鴛泊字栄町４０-２,離島（利尻・礼文・天売・焼尻）,利尻富士町
セイコーマート鬼脇店,北海道利尻郡利尻富士町鬼脇字金崎２５３-１,離島（利尻・礼文・天売・焼尻）,利尻富士町
セイコーマートほろのべ店,北海道天塩郡幌延町元町２７-４,稚内・留萌,幌延町
セイコーマート美幌鳥里店,北海道網走郡美幌町鳥里４-３-２１,網走・北見・知床,美幌町
セイコーマートびほろ店,北海道網走郡美幌町大通南２-２１,網走・北見・知床,美幌町
セイコーマート美幌三橋店,北海道網走郡美幌町字三橋町２丁目９番地の１,網走・北見・知床,美幌町
セイコーマート美幌青山店,北海道網走郡美幌町字青山北４５番地４,網走・北見・知床,美幌町
セイコーマート美幌稲美店,北海道網走郡美幌町字稲美９２-１３,網走・北見・知床,美幌町
セイコーマート津別店,北海道網走郡津別町字新町１５-３,網走・北見・知床,津別町
セイコーマートウトロ店,北海道斜里郡斜里町ウトロ東１５６,網走・北見・知床,斜里町
セイコーマート斜里青葉店,北海道斜里郡斜里町青葉町２５-９,網走・北見・知床,斜里町
セイコーマート斜里店,北海道斜里郡斜里町港町１４-９,網走・北見・知床,斜里町
セイコーマート清里水元店,北海道斜里郡清里町水元町２６-１９,網走・北見・知床,清里町
セイコーマート小清水店,北海道斜里郡小清水町元町１丁目１０番１２号,帯広・十勝,清水町
セイコーマート小清水道の駅店,北海道斜里郡小清水町浜小清水４７４-７,帯広・十勝,清水町
セイコーマート訓子府店,北海道常呂郡訓子府町若富町２番地,網走・北見・知床,訓子府町
セイコーマート置戸役場前店,北海道常呂郡置戸町字置戸１５２番地の７,網走・北見・知床,置戸町
セイコーマートサロマ店,北海道常呂郡佐呂間町西富９２-４,網走・北見・知床,佐呂間町
セイコーマート遠軽西町店,北海道紋別郡遠軽町西町１-４-３３,網走・北見・知床,遠軽町
セイコーマート遠軽店,北海道紋別郡遠軽町大通北９-２-１３,網走・北見・知床,遠軽町
セイコーマート遠軽南町店,北海道紋別郡遠軽町南町３-１２-３,網走・北見・知床,遠軽町
セイコーマート丸瀬布店,北海道紋別郡遠軽町丸瀬布東町２４７-９,網走・北見・知床,遠軽町
セイコーマート安国店,北海道紋別郡遠軽町生田原安国９２-４,網走・北見・知床,遠軽町
セイコーマート生田原店,北海道紋別郡遠軽町生田原４７３-１,網走・北見・知床,遠軽町
セイコーマート上湧別店,北海道紋別郡湧別町上湧別屯田市街地２９４-２,網走・北見・知床,湧別町
セイコーマートたかだ中湧別店,北海道紋別郡湧別町北兵村三区５１８番４,網走・北見・知床,湧別町
セイコーマート湧別店,北海道紋別郡湧別町錦町１４５-２１,網走・北見・知床,湧別町
セイコーマート滝上店,北海道紋別郡滝上町旭町,網走・北見・知床,滝上町
セイコーマート興部店,北海道紋別郡興部町字興部１３７,網走・北見・知床,興部町
セイコーマート沙留店,北海道紋別郡興部町字沙留１９３-１,網走・北見・知床,興部町
セイコーマート西興部店,北海道紋別郡西興部村西興部３８,網走・北見・知床,西興部村
セイコーマート雄武店,北海道紋別郡雄武町字雄武１４５０番地の７,網走・北見・知床,雄武町
セイコーマート雄武日の出店,北海道紋別郡雄武町雄武２０４-１,網走・北見・知床,雄武町
セイコーマートさとみ店,北海道網走郡大空町東藻琴３４４-４,網走・北見・知床,大空町
セイコーマート女満別店,北海道網走郡大空町女満別西二条２-２-２,網走・北見・知床,大空町
セイコーマートやじま豊浦店,北海道虻田郡豊浦町船見町８１-１,洞爺・登別・苫小牧,豊浦町
セイコーマートふじさわ店,北海道有珠郡壮瞥町字滝之町２４７-６,洞爺・登別・苫小牧,壮瞥町
セイコーマート壮瞥温泉店,北海道有珠郡壮瞥町字壮瞥温泉５２-２,洞爺・登別・苫小牧,壮瞥町
セイコーマートやはば店,北海道白老郡白老町字虎杖浜６-１,洞爺・登別・苫小牧,白老町
セイコーマート白老公園通店,北海道白老郡白老町栄町２-２-５,洞爺・登別・苫小牧,白老町
セイコーマート白老東店,北海道白老郡白老町日の出町３-４７-３０,洞爺・登別・苫小牧,白老町
セイコーマート白老虎杖浜店,北海道白老郡白老町字虎杖浜５６-１６,洞爺・登別・苫小牧,白老町
セイコーマート白老萩野店,北海道白老郡白老町萩野３３９-１,洞爺・登別・苫小牧,白老町
セイコーマート厚真店,北海道勇払郡厚真町本郷２５２-６,洞爺・登別・苫小牧,厚真町
セイコーマート洞爺たなか店,北海道虻田郡洞爺湖町字洞爺湖温泉町３８-１,洞爺・登別・苫小牧,洞爺湖町
セイコーマート洞爺店,北海道虻田郡洞爺湖町字洞爺町７７,洞爺・登別・苫小牧,洞爺湖町
セイコーマート虻田高砂店,北海道虻田郡洞爺湖町高砂町１１６-２,洞爺・登別・苫小牧,洞爺湖町
セイコーマート追分本町店,北海道勇払郡安平町追分本町６-７-１,洞爺・登別・苫小牧,安平町
セイコーマート安平店,北海道勇払郡安平町安平６７１-３,洞爺・登別・苫小牧,安平町
セイコーマート穂別店,北海道勇払郡むかわ町字穂別８５-１,洞爺・登別・苫小牧,むかわ町
セイコーマート鵡川宮戸店,北海道勇払郡むかわ町字宮戸２９９,洞爺・登別・苫小牧,むかわ町
セイコーマート鵡川美幸店,北海道勇払郡むかわ町美幸１-５,洞爺・登別・苫小牧,むかわ町
セイコーマート日高店,北海道沙流郡日高町新町２-４２４-３３,日高・えりも,日高町
セイコーマートまつした店,北海道沙流郡日高町富川北２-６-３１,日高・えりも,日高町
セイコーマートみはら店,北海道沙流郡日高町富川西４-２-６,日高・えりも,日高町
セイコーマート門別緑町店,北海道沙流郡日高町字緑町４１-５３,日高・えりも,日高町
セイコーマートやだ店,北海道沙流郡日高町富川東２-５-８,日高・えりも,日高町
セイコーマート門別厚賀店,北海道沙流郡日高町字厚賀町１５２-１２,日高・えりも,日高町
セイコーマート日高道の駅店,北海道沙流郡日高町本町東１-２９７-３５,日高・えりも,日高町
セイコーマートたんの店,北海道沙流郡平取町本町３-１,日高・えりも,平取町
セイコーマート振内店,北海道沙流郡平取町振内町２３-１,日高・えりも,平取町
セイコーマート新冠店,北海道新冠郡新冠町字中央町１-２０,日高・えりも,新冠町
セイコーマート浦河大通店,北海道浦河郡浦河町大通４-４２,日高・えりも,浦河町
セイコーマート浦河堺町店,北海道浦河郡浦河町堺町西４-４-７０,日高・えりも,浦河町
セイコーマート浦河西幌別店,北海道浦河郡浦河町字西幌別８-１０,日高・えりも,浦河町
セイコーマート船越谷店,北海道浦河郡浦河町字絵笛５０-１０,日高・えりも,浦河町
セイコーマート浦河荻伏店,北海道浦河郡浦河町荻伏町３６１,日高・えりも,浦河町
セイコーマート浦河東町店,北海道浦河郡浦河町東町ちのみ２-３-１４,日高・えりも,浦河町
セイコーマート様似店,北海道様似郡様似町大通１-２７,日高・えりも,様似町
セイコーマート様似大通店,北海道様似郡様似町大通３-６８-１,日高・えりも,様似町
セイコーマートえりも店,北海道幌泉郡えりも町字新浜６１-２０,日高・えりも,えりも町
セイコーマートえりも大和店,北海道幌泉郡えりも町字大和２７４-３１,日高・えりも,えりも町
セイコーマート静内旭町店,北海道日高郡新ひだか町旭町１-１３-１０,日高・えりも,新ひだか町
セイコーマート静内緑町店,北海道日高郡新ひだか町静内緑町５-２-２３,日高・えりも,新ひだか町
セイコーマート静内木場店,北海道日高郡新ひだか町静内木場町２-１-２７,日高・えりも,新ひだか町
セイコーマート三石港町店,北海道日高郡新ひだか町三石港町１０７,日高・えりも,新ひだか町
セイコーマートマルサン三石店,北海道日高郡新ひだか町三石旭町１７,日高・えりも,新ひだか町
セイコーマート本桐店,北海道日高郡新ひだか町三石本桐２３１-１,日高・えりも,新ひだか町
セイコーマート静内高砂店,北海道日高郡新ひだか町静内高砂町１-１８-７,日高・えりも,新ひだか町
セイコーマートはった静内店,北海道日高郡新ひだか町静内目名２-２,日高・えりも,新ひだか町
セイコーマート東静内店,北海道日高郡新ひだか町東静内４１,日高・えりも,新ひだか町
セイコーマート静内御幸店,北海道日高郡新ひだか町静内御幸町４-２-１０,日高・えりも,新ひだか町
セイコーマートよしぐち店,北海道河東郡音更町木野大通西１４丁目,帯広・十勝,音更町
セイコーマート音更店,北海道河東郡音更町大通１１-３,帯広・十勝,音更町
セイコーマート緑陽店,北海道河東郡音更町緑陽台仲区３０-３,帯広・十勝,音更町
セイコーマート音更木野東店,北海道河東郡音更町木野大通東９-４-８,帯広・十勝,音更町
セイコーマート音更宝来西町店,北海道河東郡音更町宝来西町南２-１５-１２,帯広・十勝,音更町
セイコーマート十勝大橋店,北海道河東郡音更町木野大通西２-２-１６,帯広・十勝,音更町
セイコーマート十勝川温泉店,北海道河東郡音更町十勝川温泉南１４-１-４４,帯広・十勝,音更町
セイコーマート音更すずらん店,北海道河東郡音更町すずらん台仲町１-１-６,帯広・十勝,音更町
セイコーマート士幌店,北海道河東郡士幌町字士幌１６４-４,帯広・十勝,士幌町
セイコーマート中士幌店,北海道河東郡士幌町字中士幌西２線７８,帯広・十勝,士幌町
セイコーマートうえだ上士幌店,北海道河東郡上士幌町字上士幌東３線２３９,帯広・十勝,士幌町
セイコーマート鹿追店,北海道河東郡鹿追町南町３丁目,帯広・十勝,鹿追町
セイコーマート屈足店,北海道上川郡新得町屈足幸町４-２-１,帯広・十勝,新得町
セイコーマート新得店,北海道上川郡新得町５条南１丁目,帯広・十勝,新得町
セイコーマート新得西３条店,北海道上川郡新得町西３条南４-３,帯広・十勝,新得町
セイコーマート御影店,北海道上川郡清水町字御影南１線５９-１,帯広・十勝,清水町
セイコーマート清水南２条店,北海道上川郡清水町南２条３-１８,帯広・十勝,清水町
セイコーマート清水店,北海道上川郡清水町南８条４丁目１５番地１,帯広・十勝,清水町
セイコーマートしなだ店,北海道河西郡芽室町本通４-１０,帯広・十勝,芽室町
セイコーマート芽室東１条店,北海道河西郡芽室町東１条１０-１-７,帯広・十勝,芽室町
セイコーマートたさか店,北海道河西郡中札内村大通南３-４４,帯広・十勝,中札内村
セイコーマートやまぐち更別店,北海道河西郡更別村緑町９８,帯広・十勝,更別村
セイコーマートたちばな大樹店,北海道広尾郡大樹町柏木町９-７,帯広・十勝,大樹町
セイコーマートたちばな店,北海道広尾郡広尾町丸山通北１-３５,帯広・十勝,広尾町
セイコーマート札内若草店,北海道中川郡幕別町札内若草町５３９番地６０,帯広・十勝,幕別町
セイコーマート忠類店,北海道中川郡幕別町忠類栄町２２５,帯広・十勝,幕別町
セイコーマート幕別本町店,北海道中川郡幕別町本町２３,帯広・十勝,幕別町
セイコーマート札内北町店,北海道中川郡幕別町札内北町３４-１９,帯広・十勝,幕別町
セイコーマート池田店,北海道中川郡池田町字利別本町１番地,帯広・十勝,池田町
セイコーマート池田西２条店,北海道中川郡池田町字西２条７-１-１,帯広・十勝,池田町
セイコーマートはせがわ豊頃店,北海道中川郡豊頃町豊頃南町１０６,帯広・十勝,豊頃町
セイコーマート豊頃役場前店,北海道中川郡豊頃町茂岩本町３７番地,帯広・十勝,豊頃町
セイコーマート本別店,北海道中川郡本別町南３丁目１番地１４,帯広・十勝,本別町
セイコーマート上本別店,北海道中川郡本別町上本別１０-４-１０,帯広・十勝,本別町
セイコーマート本別北店,北海道中川郡本別町北５丁目１番地１,帯広・十勝,本別町
セイコーマート足寄店,北海道足寄郡足寄町南７条１-４０-１,帯広・十勝,足寄町
セイコーマート足寄東店,北海道足寄郡足寄町南１条４丁目,帯広・十勝,足寄町
セイコーマート陸別店,北海道足寄郡陸別町字陸別１２２-２,帯広・十勝,陸別町
セイコーマートたむら浦幌店,北海道十勝郡浦幌町字万年３４３,帯広・十勝,浦幌町
セイコーマートたにぐち釧路店,北海道釧路郡釧路町河畔２-５,釧路・阿寒・根室・川湯・屈斜路,釧路町
セイコーマート遠矢店,北海道釧路郡釧路町よし野１-９,釧路・阿寒・根室・川湯・屈斜路,釧路町
セイコーマート若葉店,北海道釧路郡釧路町若葉３-１,釧路・阿寒・根室・川湯・屈斜路,釧路町
セイコーマート別保店,北海道釧路郡釧路町東陽大通西２-１-１２,釧路・阿寒・根室・川湯・屈斜路,釧路町
セイコーマート北都１丁目店,北海道釧路郡釧路町北都１-１-１,釧路・阿寒・根室・川湯・屈斜路,釧路町
セイコーマート光和店,北海道釧路郡釧路町光和８丁目３５番地１,釧路・阿寒・根室・川湯・屈斜路,釧路町
セイコーマート厚岸港町店,北海道厚岸郡厚岸町港町２丁目５８番地,釧路・阿寒・根室・川湯・屈斜路,厚岸町
セイコーマート厚岸店,北海道厚岸郡厚岸町字宮園町１８５-５,釧路・阿寒・根室・川湯・屈斜路,厚岸町
セイコーマート厚岸松葉店,北海道厚岸郡厚岸町松葉２-９３,釧路・阿寒・根室・川湯・屈斜路,厚岸町
セイコーマート厚岸ポント店,北海道厚岸郡厚岸町奔渡６-９８,釧路・阿寒・根室・川湯・屈斜路,厚岸町
セイコーマート浜中店,北海道厚岸郡浜中町茶内橋北西８番地３,釧路・阿寒・根室・川湯・屈斜路,浜中町
セイコーマート霧多布店,北海道厚岸郡浜中町霧多布東１条１-５１,釧路・阿寒・根室・川湯・屈斜路,浜中町
セイコーマートいしばし店,北海道厚岸郡浜中町新川西１-１４４,釧路・阿寒・根室・川湯・屈斜路,浜中町
セイコーマート中茶安別店,北海道川上郡標茶町字中チャンベツ原野基線３７-２３,釧路・阿寒・根室・川湯・屈斜路,標茶町
セイコーマート標茶旭店,北海道川上郡標茶町旭３-７-１５,釧路・阿寒・根室・川湯・屈斜路,標茶町
セイコーマート磯分内店,北海道川上郡標茶町字熊牛原野１６線西３-９６,釧路・阿寒・根室・川湯・屈斜路,標茶町
セイコーマートやまな店,北海道川上郡弟子屈町摩周２-８-６,釧路・阿寒・根室・川湯・屈斜路,弟子屈町
セイコーマート川湯店,北海道川上郡弟子屈町川湯温泉１-５７,釧路・阿寒・根室・川湯・屈斜路,弟子屈町
セイコーマート弟子屈美里店,北海道川上郡弟子屈町美里１-２-３,釧路・阿寒・根室・川湯・屈斜路,弟子屈町
セイコーマート幌呂店,北海道阿寒郡鶴居村字幌呂原野南５-４１,釧路・阿寒・根室・川湯・屈斜路,鶴居村
セイコーマート鶴居店,北海道阿寒郡鶴居村鶴居東１-１-１０,釧路・阿寒・根室・川湯・屈斜路,鶴居村
セイコーマート西庶路店,北海道白糠郡白糠町西庶路東３条南２丁目,釧路・阿寒・根室・川湯・屈斜路,白糠町
セイコーマート白糠店,北海道白糠郡白糠町東１条北５-１-１,釧路・阿寒・根室・川湯・屈斜路,白糠町
セイコーマート本通白糠店,北海道白糠郡白糠町東２条南２-２,釧路・阿寒・根室・川湯・屈斜路,白糠町
セイコーマートしまかげ中春別店,北海道野付郡別海町中春別西町２,釧路・阿寒・根室・川湯・屈斜路,別海町
セイコーマート西春別店,北海道野付郡別海町西春別駅前栄町３９-１,釧路・阿寒・根室・川湯・屈斜路,別海町
セイコーマート川上店,北海道野付郡別海町別海川上町１４１-１,釧路・阿寒・根室・川湯・屈斜路,別海町
セイコーマート中西別店,北海道野付郡別海町中西別光町１-１,釧路・阿寒・根室・川湯・屈斜路,別海町
セイコーマート尾岱沼店,北海道野付郡別海町尾岱沼潮見町１９０-１,釧路・阿寒・根室・川湯・屈斜路,別海町
セイコーマート富田屋店,北海道野付郡別海町別海常盤町１,釧路・阿寒・根室・川湯・屈斜路,別海町
セイコーマート上春別店,北海道野付郡別海町上春別栄町２-１,釧路・阿寒・根室・川湯・屈斜路,別海町
セイコーマート計根別店,北海道標津郡中標津町計根別本通西１丁目,釧路・阿寒・根室・川湯・屈斜路,中標津町
セイコーマート中標津西１条店,北海道標津郡中標津町西１条北１-１-１,釧路・阿寒・根室・川湯・屈斜路,中標津町
セイコーマート中標津西町店,北海道標津郡中標津町西町６-１３,釧路・阿寒・根室・川湯・屈斜路,中標津町
セイコーマート東２６条店,北海道標津郡中標津町東２６条南１丁目,釧路・阿寒・根室・川湯・屈斜路,中標津町
セイコーマート中標津店,北海道標津郡中標津町西５条北７-８-４,釧路・阿寒・根室・川湯・屈斜路,中標津町
セイコーマートしもとちたな店,北海道標津郡中標津町東１３条南２丁目,釧路・阿寒・根室・川湯・屈斜路,中標津町
セイコーマート中標津東店,北海道標津郡中標津町東１９条北４-２-２,釧路・阿寒・根室・川湯・屈斜路,中標津町
セイコーマート中標津東２条店,北海道標津郡中標津町東２条南１１丁目５番地４,釧路・阿寒・根室・川湯・屈斜路,中標津町
セイコーマート標津まるよし店,北海道標津郡標津町南７条西１-１-５,釧路・阿寒・根室・川湯・屈斜路,標津町
セイコーマートこんどう標津店,北海道標津郡標津町北３条東１丁目１番４号,釧路・阿寒・根室・川湯・屈斜路,標津町
セイコーマート富士見店,北海道目梨郡羅臼町富士見町４,釧路・阿寒・根室・川湯・屈斜路,羅臼町
セイコーマート羅臼あしざき店,北海道目梨郡羅臼町八木浜町２４,釧路・阿寒・根室・川湯・屈斜路,羅臼町
セイコーマート羅臼礼文店,北海道目梨郡羅臼町礼文町５６-１４,釧路・阿寒・根室・川湯・屈斜路,羅臼町
セイコーマート水戸河和田３丁目店,茨城県水戸市河和田３-２２８０-１,本州,茨城県
セイコーマート吉沢店,茨城県水戸市吉沢町３５９-５０,本州,茨城県
セイコーマート水戸中原店,茨城県水戸市中原町７７０-１,本州,茨城県
セイコーマートねもと店,茨城県水戸市高田町１９０-１０,本州,茨城県
セイコーマート水戸住吉店,茨城県水戸市住吉町９１-７,本州,茨城県
セイコーマート水戸大場店,茨城県水戸市大場町９７６番２,本州,茨城県
セイコーマート水戸千波西店,茨城県水戸市千波町２１１５番２,本州,茨城県
セイコーマート水戸堀町店,茨城県水戸市堀町１２２３番１,本州,茨城県
セイコーマート水戸市民会館店,茨城県水戸市泉町１丁目７番１号,本州,茨城県
セイコーマート日立川尻店,茨城県日立市川尻町６-４９-１２,本州,茨城県
セイコーマートくろさわ店,茨城県日立市久慈町６-９-１３,本州,茨城県
セイコーマート日立滑川本町店,茨城県日立市滑川本町５-１２-２８,本州,茨城県
セイコーマート日立かみあい店,茨城県日立市かみあい町１-４２-１,本州,茨城県
セイコーマート日立台原店,茨城県日立市台原町２丁目１３-１,本州,茨城県
セイコーマート日立南店,茨城県日立市大和田町字辰町９０２番５,本州,茨城県
セイコーマート日立大みか店,茨城県日立市大みか町２丁目２６番２号,本州,茨城県
セイコーマート日立助川町店,茨城県日立市助川町５丁目１８９番１,本州,茨城県
セイコーマート土浦大畑店,茨城県土浦市大畑字前田１４６４番地１２,本州,茨城県
セイコーマート古河駒羽根店,茨城県古河市駒羽根１４２７番地４,本州,茨城県
セイコーマート行里川店,茨城県石岡市行里川１３４２９-５,本州,茨城県
セイコーマート南台店,茨城県石岡市南台２-１５-４,本州,茨城県
セイコーマート石岡ばらき店,茨城県石岡市茨城３-６-３,本州,茨城県
セイコーマート石岡瓦谷店,茨城県石岡市瓦谷字下宿４１５,本州,茨城県
セイコーマートはなみち店,茨城県石岡市下林２５１７-２,本州,茨城県
セイコーマート石岡園部店,茨城県石岡市山崎１７１７-３,本州,茨城県
セイコーマート八郷小幡店,茨城県石岡市小幡４０９４-１,本州,茨城県
セイコーマート石岡宇治会店,茨城県石岡市宇治会字芝崎２０５０-４,本州,茨城県
セイコーマート石岡柿岡店,茨城県石岡市柿岡字柿岡５０４４-１,本州,茨城県
セイコーマート常総新石下店,茨城県常総市新石下字横町東３７１８-２,本州,茨城県
セイコーマート常総鴻野山店,茨城県常総市鴻野山字古間木往還端１７３９-４,本州,茨城県
セイコーマート常総本豊田店,茨城県常総市本豊田１８１９番地１,本州,茨城県
セイコーマートまいづる店,茨城県常陸太田市馬場町９０-６,本州,茨城県
セイコーマート水府中染店,茨城県常陸太田市中染町２５０４-３,本州,茨城県
セイコーマートはたそめ店,茨城県常陸太田市幡町１８７７-７,本州,茨城県
セイコーマート常福地店,茨城県常陸太田市常福地町字中軍４９１番１,本州,茨城県
セイコーマート常陸太田和田店,茨城県常陸太田市和田町字下川原１５７８-１,本州,茨城県
セイコーマート常陸太田小沢店,茨城県常陸太田市小沢町字長町１５１７-４,本州,茨城県
セイコーマート常陸太田藤田店,茨城県常陸太田市藤田町字一区１１２１番４,本州,茨城県
セイコーマート常陸太田久米店,茨城県常陸太田市久米町１８４２番１,本州,茨城県
セイコーマート高萩手綱店,茨城県高萩市大字上手綱字上田中１７１４番地１,本州,茨城県
セイコーマート笠間大渕店,茨城県笠間市大渕６６８-５,本州,茨城県
セイコーマートおぬまや店,茨城県笠間市仁古田１１６３-５９,本州,茨城県
セイコーマート笠間柿橋店,茨城県笠間市鯉淵６３３８-８,本州,茨城県
セイコーマートつくば今鹿島店,茨城県つくば市今鹿島字下屋敷西３４７６-８,本州,茨城県
セイコーマート十三奉行店,茨城県ひたちなか市十三奉行１９２５-８,本州,茨城県
セイコーマート鹿嶋三笠店,茨城県鹿嶋市高天原１-６-１,本州,茨城県
セイコーマート鹿嶋棚木店,茨城県鹿嶋市大字棚木字大野２７８７-２４,本州,茨城県
セイコーマート鹿嶋小山店,茨城県鹿嶋市大字小山字松堀込１０２９番地２４,本州,茨城県
セイコーマート鹿嶋平井店,茨城県鹿嶋市平井１０３３番２,本州,茨城県
セイコーマート鹿嶋中店,茨城県鹿嶋市大字中字中町３１０４番,本州,茨城県
セイコーマートえびね店,茨城県常陸大宮市東野３１０２-１,本州,茨城県
セイコーマート大宮若林店,茨城県常陸大宮市若林字南平８４６-１,本州,茨城県
セイコーマート常陸大宮野口店,茨城県常陸大宮市野口字上川原２５３２-７,本州,茨城県
セイコーマート常陸大宮鷹巣店,茨城県常陸大宮市鷹巣字田中２９００-２,本州,茨城県
セイコーマート那珂後台店,茨城県那珂市後台バッケ３０９４番１４,本州,茨城県
セイコーマート那珂戸店,茨城県那珂市戸字上宿２６０７番１９,本州,茨城県
セイコーマートすずきや店,茨城県筑西市門井１９７６-４３,本州,茨城県
セイコーマート明野中上野店,茨城県筑西市中上野字仲畑１５５５-７,本州,茨城県
セイコーマート筑西舟生店,茨城県筑西市舟生字下宿１０１４-１５,本州,茨城県
セイコーマートグランテラス筑西店,茨城県筑西市川澄１８５０番地,本州,茨城県
セイコーマート坂東逆井店,茨城県坂東市逆井字沼ノ田６２９７-１,本州,茨城県
セイコーマート坂東長須店,茨城県坂東市長須３４３８番１３,本州,茨城県
セイコーマート稲吉東店,茨城県かすみがうら市稲吉東４-１４-７,本州,茨城県
セイコーマート上志筑店,茨城県かすみがうら市上志筑字白畑１７４-３,本州,茨城県
セイコーマート桜川岩瀬店,茨城県桜川市岩瀬１１４-３,本州,茨城県
セイコーマート大和店,茨城県桜川市本木１５１６-７,本州,茨城県
セイコーマート真壁羽鳥店,茨城県桜川市真壁町羽鳥字石田８２３-１,本州,茨城県
セイコーマート桜川大国玉店,茨城県桜川市大国玉字山田新田４５２０-３７,本州,茨城県
セイコーマート桜川下谷貝店,茨城県桜川市真壁町下谷貝字一本松２２６２-３,本州,茨城県
セイコーマートいしばし店,茨城県行方市芹沢１７４３,本州,茨城県
セイコーマート行方山田店,茨城県行方市山田字沼田１０１３-４,本州,茨城県
セイコーマート鉾田当間店,茨城県鉾田市当間５４７-１,本州,茨城県
セイコーマート鉾田造谷店,茨城県鉾田市造谷字台宿１４２０-１,本州,茨城県
セイコーマート鉾田柏熊店,茨城県鉾田市柏熊字長原１００８番３５,本州,茨城県
セイコーマート鉾田飯島店,茨城県鉾田市飯島字砂子５２７番１,本州,茨城県
セイコーマート茨城空港前店,茨城県小美玉市外之内字北山２６９-１,本州,茨城県
セイコーマートエアポート茨城店,茨城県小美玉市与沢１６０１番地５５,本州,茨城県
セイコーマートきど桜ノ牧店,茨城県東茨城郡茨城町大戸３４４４-４,本州,茨城県
セイコーマートながす店,茨城県東茨城郡茨城町下石崎１６８８-１,本州,茨城県
セイコーマートきど桜の郷店,茨城県東茨城郡茨城町大戸３４２１-７,本州,茨城県
セイコーマート常北上入野店,茨城県東茨城郡城里町上入野２７８２-１,本州,茨城県
セイコーマート城里石塚店,茨城県東茨城郡城里町石塚１６８８番４,本州,茨城県
セイコーマート東海須和間店,茨城県那珂郡東海村大字須和間字石フジ２０００-７６,本州,茨城県
セイコーマート阿見岡崎店,茨城県稲敷郡阿見町岡崎２丁目１-１５,本州,茨城県
セイコーマートむらい八千代店,茨城県結城郡八千代町平塚２１７-２,本州,茨城県
セイコーマート境大歩店,茨城県猿島郡境町大字大歩字原山３５６-３９,本州,茨城県
セイコーマート境長井戸店,茨城県猿島郡境町長井戸７３１番地１１,本州,茨城県
セイコーマートまんだな店,埼玉県さいたま市西区三橋６-１４４,本州,埼玉県
セイコーマートさいたま今羽店,埼玉県さいたま市北区今羽町４番地１,本州,埼玉県
セイコーマート加須向川岸店,埼玉県加須市向川岸町１０番１８号,本州,埼玉県
セイコーマートまちだ店,埼玉県上尾市畔吉１２２７,本州,埼玉県
セイコーマート草加マルエー店,埼玉県草加市草加１-１１-３,本州,埼玉県
セイコーマート久喜下早見店,埼玉県久喜市下早見４０４番地１,本州,埼玉県
セイコーマートほしの店,埼玉県八潮市大曽根４９１,本州,埼玉県
セイコーマートはしもと店,埼玉県吉川市中野５番１,本州,埼玉県
セイコーマート伊奈大針店,埼玉県北足立郡伊奈町大針１６６０-４,本州,埼玉県