店舗名,住所
セイコーマートあさの店,北海道札幌市中央区南４条西４-１１
セイコーマートおかだ店,北海道札幌市中央区南５条西１１-１２８８
セイコーマートかめはた店,北海道札幌市中央区南１７条西６-４-１２
セイコーマートそでもり店,北海道札幌市中央区南２４条西９-１-１
セイコーマートたかせ店,北海道札幌市中央区南５条西４丁目新宿通り
セイコーマートたかだ店,北海道札幌市中央区南２３条西１２-２-２７
セイコーマートとみた店,北海道札幌市中央区南２９条西１０-５-１６
セイコーマートとらや店,北海道札幌市中央区南１２条西１５-２-１
セイコーマートながい店,北海道札幌市中央区南１１条西１-３-１７
セイコーマートなかやま南１条店,北海道札幌市中央区南１条東５-１
セイコーマートはせがわ店,北海道札幌市中央区南１３条西９-３-５
セイコーマートはた店,北海道札幌市中央区南８条西１２丁目
セイコーマートはまざき店,北海道札幌市中央区宮の森１条１５-４-１
セイコーマート円山北５条店,北海道札幌市中央区北５条西２８-１-１２
セイコーマート旭ヶ丘店,北海道札幌市中央区南７条西２４-２-１２
セイコーマート桑園店,北海道札幌市中央区北７条西１５-２６
セイコーマート西線１６条店,北海道札幌市中央区南１６条西１５-１-１
セイコーマート大通店,北海道札幌市中央区大通西１８丁目
セイコーマート中央店,北海道札幌市中央区南１条西９丁目
セイコーマート南４条店,北海道札幌市中央区南４条西８-１-２
セイコーマート南９条店,北海道札幌市中央区南９条西５-４２１
セイコーマート伏見店,北海道札幌市中央区南１０条西１８-１-４０
セイコーマート北２条店,北海道札幌市中央区北２条西１丁目
セイコーマート近代美術館西店,北海道札幌市中央区北１条西１９-２-１
セイコーマート北５条通り店,北海道札幌市中央区北４条西２２-２-１７
セイコーマート円山南１条店,北海道札幌市中央区南１条西１９-１
セイコーマート大通バスセンター店,北海道札幌市中央区南１条東１-６
セイコーマートすすきの７条通店,北海道札幌市中央区南７条西５-２８９-５４
セイコーマートテルウェル店,北海道札幌市中央区北４条西１６-１-１テルウェル第２ビル１階
セイコーマート道庁前北店,北海道札幌市中央区北４条西６-１-３
セイコーマート北円山店,北海道札幌市中央区北７条西２４-１-１９
セイコーマート北３条店,北海道札幌市中央区北３条西１-２-９
セイコーマート第３合同庁舎店,北海道札幌市中央区大通西１２丁目
セイコーマート南８条店,北海道札幌市中央区南８条西４丁目４２２番地５　グランドパークビル
セイコーマートぎょれんビル店,北海道札幌市中央区北１３条西１９-３７-６
セイコーマートニッセイ札幌ビル店,北海道札幌市中央区北３条西４-１-１　日本生命札幌ビル１階
セイコーマート北海道庁店,北海道札幌市中央区北３条西６-１
セイコーマート東屯田通店,北海道札幌市中央区南８条西８-５２２
セイコーマート西円山病院店,北海道札幌市中央区円山西町４-７-２５
セイコーマート山鼻９条店,北海道札幌市中央区南９条西６-１-２７
セイコーマート大通ビッセ店,北海道札幌市中央区大通西３丁目７番地
セイコーマート南１９条店,北海道札幌市中央区南１９条西９丁目１番３号
セイコーマート植物園西店,北海道札幌市中央区北３条西１２丁目２番７
セイコーマート南８条西６丁目店,北海道札幌市中央区南８条西６丁目２８９番地５０
セイコーマート南６条店,北海道札幌市中央区南６条西９丁目１０２３番地１８
セイコーマート北６条店,北海道札幌市中央区北６条西１９丁目１番地１
セイコーマート南５条店,北海道札幌市中央区南５条西６丁目９番地３
セイコーマート札幌渓仁会リハビリテーション病院店,北海道札幌市中央区北１０条西１７丁目３６番１３号
セイコーマート時計台前店,北海道札幌市中央区北１条西３丁目３番地
セイコーマート大通東２丁目店,北海道札幌市中央区大通東２丁目８番地５
セイコーマート南１条西４丁目店,北海道札幌市中央区南１条西４丁目１５番地１
セイコーマート札幌中央病院店,北海道札幌市中央区南９条西１０丁目１番５０号
セイコーマート狸小路２丁目店,北海道札幌市中央区南２条西２丁目４番２
セイコーマートザノット札幌店,北海道札幌市中央区南３条西３丁目１６番地２
セイコーマート大通西５丁目店,北海道札幌市中央区大通西５丁目８番地
セイコーマート円山西町店,北海道札幌市中央区円山西町７丁目２番１号
セイコーマート狸小路６丁目店,北海道札幌市中央区南３条西６丁目３番地２
セイコーマートＵＨＢ店,北海道札幌市中央区北１条西１４丁目１番地５
セイコーマートあいの里店,北海道札幌市北区あいの里４条５-１０-１
セイコーマートあきもと店,北海道札幌市北区北２７条西２-１-２５
セイコーマートおおば店,北海道札幌市北区新琴似１１条６-２-１０
セイコーマートかさい店,北海道札幌市北区北３６条西２-２-１
セイコーマート新琴似５条店,北海道札幌市北区新琴似５条１０-５-１１
セイコーマート太平４条店,北海道札幌市北区太平４条３丁目２-１０
セイコーマートたいへい店,北海道札幌市北区太平１１条５-７７-５
セイコーマート拓北駅前店,北海道札幌市北区拓北６条３-８-１
セイコーマートつぼた店,北海道札幌市北区北８条西５丁目
セイコーマート地下鉄北１２条駅前店,北海道札幌市北区北１２条西４-１-２９
セイコーマート北２３条店,北海道札幌市北区北２３条西７-２-２２
セイコーマートどもん店,北海道札幌市北区北１８条西４丁目
セイコーマートはぎなか店,北海道札幌市北区北３０条西８-２-２３
セイコーマート新琴似７条店,北海道札幌市北区新琴似７条５丁目４番３３号
セイコーマート横新道店,北海道札幌市北区篠路２条１-３-５
セイコーマート新川３条店,北海道札幌市北区新川３条１丁目１番１号
セイコーマート新川５条店,北海道札幌市北区新川５条１６丁目５番８号
セイコーマート新琴似６条店,北海道札幌市北区新琴似６条１４-１-２３
セイコーマート新琴似１０条店,北海道札幌市北区新琴似１０条１３-６-１
セイコーマート新川西店,北海道札幌市北区新川西３条３-９-１７
セイコーマート篠路１条店,北海道札幌市北区篠路１条８丁目９番３号
セイコーマート北３４条ターミナル店,北海道札幌市北区北３３条西４-２-１
セイコーマート麻生店,北海道札幌市北区新琴似７条１-２-３４
セイコーマート屯田９条店,北海道札幌市北区屯田９条１２-５-１０
セイコーマート合同庁舎店,北海道札幌市北区北８条西２丁目
セイコーマート北１０条店,北海道札幌市北区北１０条西１丁目１０番地ＭＣビル１階
セイコーマート季実の里店,北海道札幌市北区屯田７条４-１-２２
セイコーマート新琴似１２条店,北海道札幌市北区新琴似１２条１５-５-１１
セイコーマート屯田５条店,北海道札幌市北区屯田５条１０-１-１
セイコーマート北３１条店,北海道札幌市北区北３１条西４-１-１
セイコーマートあいの里３条店,北海道札幌市北区あいの里３条５-１３-１
セイコーマート北１３条西店,北海道札幌市北区北１３条西３丁目２番１５-１０１
セイコーマート新琴似４条店,北海道札幌市北区新琴似４条６丁目４番８号
セイコーマート北９条店,北海道札幌市北区北９条西３-１
セイコーマート屯田８条店,北海道札幌市北区屯田８条２丁目８番３０号
セイコーマート新琴似１条１１丁目店,北海道札幌市北区新琴似１条１１丁目１３番２２号
セイコーマート屯田１１条店,北海道札幌市北区屯田１１条３丁目７番１０号
セイコーマート北７条店,北海道札幌市北区北７条西２丁目９
セイコーマート北２７条西店,北海道札幌市北区北２７条西１６丁目４番１５号
セイコーマート屯田８条８丁目店,北海道札幌市北区屯田８条８丁目１４番２５号
セイコーマート教育大駅前店,北海道札幌市北区あいの里１条５丁目１番１０号
セイコーマート篠路７条店,北海道札幌市北区篠路７条４丁目２番２２号
セイコーマート拓北３条店,北海道札幌市北区拓北３条２丁目７-３
セイコーマート南あいの里店,北海道札幌市北区南あいの里５丁目１番２５号
セイコーマート麻生駅前店,北海道札幌市北区北４０条西４丁目２番１号
セイコーマート北２４条駅前店,北海道札幌市北区北２４条西４丁目２番７号
セイコーマートうちがた店,北海道札幌市東区北４４条東１４-４-１６
セイコーマートおしだ店,北海道札幌市東区北１０条東８-２-６
セイコーマート東苗穂４条店,北海道札幌市東区東苗穂４条３丁目２番６号
セイコーマートくぼた店,北海道札幌市東区北７条東３-２８
セイコーマートさいかわ店,北海道札幌市東区北４６条東３-１-１
セイコーマート北３６条東店,北海道札幌市東区北３６条東８-１-１
セイコーマート中沼店,北海道札幌市東区中沼５条１-２-１
セイコーマート北３０条東店,北海道札幌市東区北３０条東１５丁目
セイコーマート北２０条東１５丁目店,北海道札幌市東区北２０条東１５-１-１２
セイコーマートつねまる店,北海道札幌市東区東苗穂５条３-３-１１
セイコーマートマルヨくどう店,北海道札幌市東区北２０条東３丁目
セイコーマートみぞぶち店,北海道札幌市東区北３２条東６丁目
セイコーマート栄町店,北海道札幌市東区北４５条東１９-３-３
セイコーマート丸田くぼた店,北海道札幌市東区北１７条東１３-１-１４
セイコーマート丘珠空港前店,北海道札幌市東区北３７条東２２-６-１２
セイコーマート大学村店,北海道札幌市東区北２５条東３-２２
セイコーマート伏古店,北海道札幌市東区伏古１条５-１-２
セイコーマート北３８条店,北海道札幌市東区北３８条東１５丁目
セイコーマート北４２条店,北海道札幌市東区北４２条東５丁目２番２８号
セイコーマート北４３条店,北海道札幌市東区北４３条東１５-３-２５
セイコーマート北１２条東店,北海道札幌市東区北１２条東１５-２１
セイコーマート元町北１８条店,北海道札幌市東区北１８条東２０丁目１番地１
セイコーマート丘珠店,北海道札幌市東区丘珠町２８７-４
セイコーマート伏古１１条店,北海道札幌市東区伏古１１条４丁目２番１３号
セイコーマート北２７条東店,北海道札幌市東区北２７条東７丁目３番２２号
セイコーマート百合が原公園店,北海道札幌市東区北５１条東１５丁目２番１５号
セイコーマート東区元町東店,北海道札幌市東区北２４条東２２-１-１５
セイコーマート東苗穂１０条店,北海道札幌市東区東苗穂１０条２-１９-２５
セイコーマート北８条店,北海道札幌市東区北８条東１-１-２５
セイコーマート環状通東店,北海道札幌市東区北１５条東１５-４-１５
セイコーマート元町駅前店,北海道札幌市東区北２５条東１５-３-１０
セイコーマート東雁来８条店,北海道札幌市東区東雁来８条１-７-１８
セイコーマート伏古９条店,北海道札幌市東区伏古９条４丁目１番１号
セイコーマート北４２条東１丁目店,北海道札幌市東区北４２条東１丁目３番１号
セイコーマート東雁来１１条店,北海道札幌市東区東雁来１１条２丁目１番１号
セイコーマート東苗穂８条店,北海道札幌市東区東苗穂８条２丁目３番５５号
セイコーマート北１６条東店,北海道札幌市東区北１６条東１６丁目１番１号
セイコーマート伏古５条店,北海道札幌市東区伏古５条３丁目４番３０号
セイコーマート東苗穂１３条店,北海道札幌市東区東苗穂１３条３丁目２５番１号
セイコーマート北２５条東店,北海道札幌市東区北２５条東２０丁目８番１５号
セイコーマート北丘珠店,北海道札幌市東区北丘珠２条４丁目３番３０号
セイコーマート東区本町１条店,北海道札幌市東区本町１条８丁目１番１号
セイコーマートデ・アウネさっぽろ店,北海道札幌市東区北６条東４丁目
セイコーマート東苗穂３条店,北海道札幌市東区東苗穂３条１丁目２番２号
セイコーマートいしがき店,北海道札幌市白石区本通８-北６-１
セイコーマートうちだ店,北海道札幌市白石区菊水元町５条１-９
セイコーマート栄通２０丁目店,北海道札幌市白石区栄通２０-２-２３
セイコーマートなんぶ白石店,北海道札幌市白石区平和通５-北１１-１７
セイコーマート菊水５条店,北海道札幌市白石区菊水５条２丁目２番３号
セイコーマートみやぐち店,北海道札幌市白石区中央１条５-９-３７
セイコーマート丸昌店,北海道札幌市白石区東札幌２条５-６-３
セイコーマート南郷通１３丁目店,北海道札幌市白石区南郷通１３-南３-１
セイコーマート南郷通１９丁目店,北海道札幌市白石区南郷通１９-北１-５３
セイコーマート南郷店,北海道札幌市白石区南郷通１０丁目南４番５号
セイコーマート白石中央店,北海道札幌市白石区中央２条６-４
セイコーマート平和通店,北海道札幌市白石区平和通１１-北１-２８
セイコーマート北郷１３条通り店,北海道札幌市白石区北郷３条２-１３
セイコーマート北郷５条店,北海道札幌市白石区北郷５条４-６４７-２６
セイコーマート本郷店,北海道札幌市白石区本郷通６-南２-１３
セイコーマート本通５丁目店,北海道札幌市白石区本通５-南２６-２
セイコーマート流通センター店,北海道札幌市白石区流通センター７-９-６０
セイコーマート栄通２丁目店,北海道札幌市白石区栄通２丁目９番１号
セイコーマート菊水上町４条店,北海道札幌市白石区菊水上町４条２-５２-３０
セイコーマート北郷北都店,北海道札幌市白石区北郷３条１１丁目８番１号
セイコーマート南郷１８丁目店,北海道札幌市白石区南郷通１８-南５-１３
セイコーマート東札幌２条店,北海道札幌市白石区東札幌２条３-３-２２
セイコーマート菊水８条店,北海道札幌市白石区菊水８条３-１-３
セイコーマート菊水３条店,北海道札幌市白石区菊水３条２-１-１０
セイコーマート本通１４丁目店,北海道札幌市白石区本通１４-南３-６
セイコーマート地下鉄白石駅前店,北海道札幌市白石区南郷通２丁目南９番７号
セイコーマート菊水元町８条店,北海道札幌市白石区菊水元町８条２-９-１６
セイコーマート菊水元町１条店,北海道札幌市白石区菊水元町１条１-１０-８
セイコーマート菊水９条店,北海道札幌市白石区菊水９条２-３-１０
セイコーマート南郷通７丁目店,北海道札幌市白石区南郷通７-北５-３４
セイコーマート栄通９丁目店,北海道札幌市白石区栄通９丁目１番１号
セイコーマート白石駅北口店,北海道札幌市白石区北郷１条５丁目２番１１号
セイコーマート北郷５条７丁目店,北海道札幌市白石区北郷５条７丁目１番２４号
セイコーマート南郷通１６丁目店,北海道札幌市白石区南郷通１６丁目北７番１１号
セイコーマート南郷通８丁目店,北海道札幌市白石区南郷通８丁目南１番５号
セイコーマート川下３条店,北海道札幌市白石区川下３条３丁目１番１号
セイコーマート本郷通９丁目店,北海道札幌市白石区本郷通９丁目北１番８号
セイコーマート恵佑会札幌病院店,北海道札幌市白石区本通９丁目南１番１号
セイコーマートいしづか店,北海道札幌市豊平区水車町８-２-１
セイコーマート美園駅前店,北海道札幌市豊平区美園７条６-１-１９
セイコーマート月寒東３条店,北海道札幌市豊平区月寒東３条７-５-１
セイコーマートかとう店,北海道札幌市豊平区平岸３条１８-３-１
セイコーマート平岸３条店,北海道札幌市豊平区平岸３条１２-１-３３
セイコーマート福住中央通店,北海道札幌市豊平区福住２条６丁目１番４３号
セイコーマートすずき店,北海道札幌市豊平区豊平１条２-２-７
セイコーマートたかしま店,北海道札幌市豊平区月寒東１条１６-１-３６
セイコーマート美園１条店,北海道札幌市豊平区美園１条１丁目３番１号
セイコーマートほんま店,北海道札幌市豊平区豊平４条１３-１-２４
セイコーマート地下鉄学園前店,北海道札幌市豊平区旭町２-１-２１
セイコーマート月寒３条店,北海道札幌市豊平区月寒東３条１６-６-２１
セイコーマート月寒店,北海道札幌市豊平区月寒東１条１-１-１４
セイコーマート西岡店,北海道札幌市豊平区月寒西２条１０-２-４０
セイコーマート中の島駅前店,北海道札幌市豊平区中の島１条２-３-１
セイコーマート東北通店,北海道札幌市豊平区月寒東５条１４丁目５番２８号
セイコーマート豊平６条店,北海道札幌市豊平区豊平６条３-５-２８
セイコーマート羊ケ丘店,北海道札幌市豊平区西岡５条３-７-１
セイコーマート平岸２条店,北海道札幌市豊平区平岸２条７-１-２５
セイコーマート月寒西店,北海道札幌市豊平区月寒西３条７-３-１
セイコーマート天神山店,北海道札幌市豊平区平岸２条１４-２-５６
セイコーマート平岸４条店,北海道札幌市豊平区平岸４条６丁目１番２０号
セイコーマート木の花店,北海道札幌市豊平区平岸２条３-５-５
セイコーマート西岡中前店,北海道札幌市豊平区西岡３条１２-２-１
セイコーマート平岸駅前店,北海道札幌市豊平区平岸２条８-５-３０
セイコーマート美園１０条店,北海道札幌市豊平区美園１０条７-１-１３
セイコーマート中の島南店,北海道札幌市豊平区中の島２条８丁目１番３１号
セイコーマート豊平６条８丁目店,北海道札幌市豊平区豊平６条８丁目２番２０号
セイコーマート中の島２条店,北海道札幌市豊平区中の島２条２丁目６番１号中の島セントラルコーポ
セイコーマート豊平３条店,北海道札幌市豊平区豊平３条５丁目１番２５号
セイコーマート豊平８条店,北海道札幌市豊平区豊平８条１１丁目２番１０号
セイコーマート札大正門前店,北海道札幌市豊平区西岡４条８丁目１番１号
セイコーマート月寒東２条店,北海道札幌市豊平区月寒東２条５丁目２番２２号
セイコーマート平岸高台店,北海道札幌市豊平区平岸４条１３丁目１１番１号
セイコーマートあづま店,北海道札幌市南区南３８条西１１丁目
セイコーマートおぐら川沿店,北海道札幌市南区川沿１２条３-１-２０
セイコーマートおの店,北海道札幌市南区澄川２条３丁目
セイコーマート石山２条店,北海道札幌市南区石山２条２-７-４５
セイコーマートみすまい店,北海道札幌市南区簾舞３条６-８-３５
セイコーマートしばはら店,北海道札幌市南区常盤５条２-９７-５
セイコーマートたなか川沿２条店,北海道札幌市南区川沿２条２-５-４３
セイコーマートたけだ川沿店,北海道札幌市南区川沿６条３-７-１５
セイコーマートときわ店,北海道札幌市南区常盤２条２-６-３
セイコーマートとみた澄川店,北海道札幌市南区澄川４条４丁目
セイコーマートともえや店,北海道札幌市南区川沿１条５-４-１
セイコーマート真駒内南町店,北海道札幌市南区真駒内南町２-７-１０
セイコーマートほそかい店,北海道札幌市南区南３３条西１０-５-３１
セイコーマート真駒内店,北海道札幌市南区真駒内上町２-３-２
セイコーマート石山南店,北海道札幌市南区石山２条８-２-１
セイコーマート南の沢店,北海道札幌市南区南沢１条３-１７-２８
セイコーマート柏丘店,北海道札幌市南区真駒内柏丘５-６-３７
セイコーマート定山渓温泉店,北海道札幌市南区定山渓温泉東３丁目２４０番地１
セイコーマート南沢５条店,北海道札幌市南区南沢５条３-１-１３
セイコーマート藤野３条店,北海道札幌市南区藤野３条５-５-３０
セイコーマート澄川４条店,北海道札幌市南区澄川４条５-６-３
セイコーマート澄川１条店,北海道札幌市南区澄川１条１-４-１２
セイコーマート真駒内本町７丁目店,北海道札幌市南区真駒内本町７丁目１番１号
セイコーマート澄川６条店,北海道札幌市南区澄川６条４丁目６番１号
セイコーマート藤野５条店,北海道札幌市南区藤野５条２丁目２番１号
セイコーマート藤野１条店,北海道札幌市南区藤野１条６丁目１番２７号
セイコーマート石山店,北海道札幌市南区石山２条６丁目１４番１７号
セイコーマート山の手４条店,北海道札幌市西区山の手４条１０丁目２番２４号
セイコーマートうめづ店,北海道札幌市西区発寒１１条４-８-３４
セイコーマートこばやし平和店,北海道札幌市西区平和２条５-１５-２０
セイコーマート発寒６条店,北海道札幌市西区発寒６条９丁目１７番１号
セイコーマートすがわら店,北海道札幌市西区西町北１１-４-１２
セイコーマートとみた宮の沢店,北海道札幌市西区宮の沢３条３丁目
セイコーマート西野１０条店,北海道札幌市西区西野１０条８-１７-１０
セイコーマートはせべ店,北海道札幌市西区琴似３条３-１-１４
セイコーマートまるぜん店,北海道札幌市西区西野５条６-３-１６
セイコーマートみたむら店,北海道札幌市西区宮の沢１条３-３-１１
セイコーマートよしみず店,北海道札幌市西区発寒１４条２丁目１番１号
セイコーマート琴似駅前店,北海道札幌市西区琴似２条２-１-２
セイコーマート琴似駅北口店,北海道札幌市西区八軒１条西２丁目３番１号
セイコーマート山の手１条店,北海道札幌市西区山の手１条７丁目４番２６号
セイコーマート西野３条店,北海道札幌市西区西野３条７-２-１４
セイコーマート西野店,北海道札幌市西区西野１条２-１-１
セイコーマート発寒１１条店,北海道札幌市西区発寒１１条１-８２２-１０
セイコーマート発寒５条店,北海道札幌市西区発寒５条４-２-４３
セイコーマート福井店,北海道札幌市西区福井４丁目１番１号
セイコーマート発寒１条店,北海道札幌市西区発寒１条３-１-１５
セイコーマート西町南店,北海道札幌市西区西町南１８-１-２
セイコーマート西野７条店,北海道札幌市西区西野７条４-３-１
セイコーマート琴似２条店,北海道札幌市西区琴似２条７丁目２番５号
セイコーマート発寒１５条店,北海道札幌市西区発寒１５条１４丁目３番２０号
セイコーマート二十四軒４条店,北海道札幌市西区二十四軒４条２丁目１番３０号
セイコーマート二十四軒３条店,北海道札幌市西区二十四軒３条５丁目１番３号
セイコーマート西町北２０丁目店,北海道札幌市西区西町北２０丁目１番１０号
セイコーマート八軒１０条店,北海道札幌市西区八軒１０条東４丁目１番１７号
セイコーマート二十四軒４条西店,北海道札幌市西区二十四軒４条７丁目３番１６号
セイコーマート厚別中央２条北店,北海道札幌市厚別区厚別中央２条４-３-２３
セイコーマート大谷地西店,北海道札幌市厚別区大谷地西３-３-１１
セイコーマートもみじ台店,北海道札幌市厚別区もみじ台東４-２-１
セイコーマートもみじ台北店,北海道札幌市厚別区もみじ台北５-１-６
セイコーマート厚別中央店,北海道札幌市厚別区厚別中央３条３-３-５
セイコーマート厚別東店,北海道札幌市厚別区厚別東１条５-１９-２０
セイコーマート上野幌店,北海道札幌市厚別区上野幌２条５-１-１６
セイコーマート新札幌店,北海道札幌市厚別区厚別中央１条７-１７-３７
セイコーマート平岡パーク店,北海道札幌市厚別区上野幌３条３丁目
セイコーマート上野幌駅前店,北海道札幌市厚別区厚別町上野幌６８６-５０
セイコーマート厚別中央２条店,北海道札幌市厚別区厚別中央２条４-１-２０
セイコーマート厚別南４丁目店,北海道札幌市厚別区厚別南４丁目３４番２１号
セイコーマート大谷地東５丁目店,北海道札幌市厚別区大谷地東５丁目５番４０号
セイコーマート厚別西２条店,北海道札幌市厚別区厚別西２条５丁目３番２０号
セイコーマート地下鉄大谷地駅店,北海道札幌市厚別区大谷地東３丁目
セイコーマート曙３条店,北海道札幌市手稲区曙３条２丁目４番５号
セイコーマートいたがき店,北海道札幌市手稲区手稲本町４条３-１-２０
セイコーマート前田７条店,北海道札幌市手稲区前田７条１７-４-３
セイコーマート西宮の沢４条店,北海道札幌市手稲区西宮の沢４条３-１-７
セイコーマートかわがき店,北海道札幌市手稲区前田４条１１-６-１
セイコーマート稲積公園店,北海道札幌市手稲区前田２条４-３
セイコーマート金山店,北海道札幌市手稲区金山１条３-１-４７
セイコーマート曙２条店,北海道札幌市手稲区曙２条５丁目１８番１１号
セイコーマート星置３条店,北海道札幌市手稲区星置３条５丁目８番１２号
セイコーマート新発寒３条店,北海道札幌市手稲区新発寒３条４-３-６
セイコーマート前田１条店,北海道札幌市手稲区前田１条６-２-１
セイコーマート前田８条店,北海道札幌市手稲区前田８条１１-１-２７
セイコーマート手稲本町店,北海道札幌市手稲区手稲本町２条５-４-１
セイコーマート新発寒７条店,北海道札幌市手稲区新発寒７条１０-４-３
セイコーマート星置１条店,北海道札幌市手稲区星置１条４-８-１
セイコーマート手稲渓仁会３階店,北海道札幌市手稲区前田１条１２-１-４０　メディカル手稲３Ｆ
セイコーマート明日風５丁目店,北海道札幌市手稲区明日風５-１９-２０
セイコーマート西宮の沢５条店,北海道札幌市手稲区西宮の沢５条１丁目１１番１０号
セイコーマート稲穂３条店,北海道札幌市手稲区稲穂３条３丁目１番１号
セイコーマート前田５条店,北海道札幌市手稲区前田５条１５丁目７番２５号
セイコーマート金山ＰＡ（上り）店,北海道札幌市手稲区稲穂５条６丁目２０２番地６０
セイコーマート金山ＰＡ（下り）店,北海道札幌市手稲区稲穂４条７丁目７３番地６
セイコーマートさとづか店,北海道札幌市清田区里塚１条１-２-１５
セイコーマート清田７条店,北海道札幌市清田区清田７条２-１７-３
セイコーマートまるひら店,北海道札幌市清田区北野１条１-９-３４
セイコーマート真栄店,北海道札幌市清田区真栄４条２-１７-４３
セイコーマート清田店,北海道札幌市清田区清田６条１-１７-１
セイコーマート平岡４条店,北海道札幌市清田区平岡４条１-１-２
セイコーマート北野６条店,北海道札幌市清田区北野６条４-２-２２
セイコーマート平岡６条店,北海道札幌市清田区平岡６条４-１８-１
セイコーマート北野店,北海道札幌市清田区北野２条３丁目３-１５
セイコーマート北野５条店,北海道札幌市清田区北野５条５丁目２０番４５号
セイコーマート平岡１条店,北海道札幌市清田区平岡１条４-２-１８
セイコーマート北野６条２丁目店,北海道札幌市清田区北野６条２丁目１２番２０号
セイコーマート平岡３条店,北海道札幌市清田区平岡３条３丁目１番１号
セイコーマート美しが丘店,北海道札幌市清田区美しが丘１条５丁目２番２０号
セイコーマート里塚２条店,北海道札幌市清田区里塚２条３丁目１番１号
セイコーマート函館宝来店,北海道函館市宝来町２-７
セイコーマート函館日吉店,北海道函館市日吉町４丁目１７番７号
セイコーマート函館富岡店,北海道函館市富岡町１-５１-１
セイコーマート函館松風店,北海道函館市松風町１２番１号
セイコーマート函館的場店,北海道函館市的場町２１-５
セイコーマート函館美原店,北海道函館市美原３-３８-２８
セイコーマート函館新川店,北海道函館市新川町２９-１２
セイコーマート函館赤川店,北海道函館市赤川町２４３-４
セイコーマート函館北美原店,北海道函館市北美原１-２０-１
セイコーマート函館豊川店,北海道函館市豊川町１６
セイコーマート函館吉川店,北海道函館市吉川町４-１７
セイコーマート尾札部店,北海道函館市尾札部町１７８５
セイコーマート函館小安店,北海道函館市小安町５５９-１
セイコーマート函館富岡３丁目店,北海道函館市富岡町３-５-１０
セイコーマート函館富岡１丁目店,北海道函館市富岡町１-２０-１４
セイコーマート函館上野店,北海道函館市上野町１-１
セイコーマート亀田店,北海道函館市亀田町１４番２号
セイコーマート函館戸倉店,北海道函館市戸倉町３３-８
セイコーマート函館松陰店,北海道函館市松陰町９番２８号
セイコーマート函館柏木店,北海道函館市柏木町８番２号
セイコーマート桔梗町南店,北海道函館市桔梗町４０３番地３２８
セイコーマート函館神山店,北海道函館市神山２丁目１０番１１号
セイコーマート函館本通店,北海道函館市本通２丁目５４番１６号
セイコーマート函館西旭岡店,北海道函館市西旭岡町１丁目３１番地１３
セイコーマート函館山の手店,北海道函館市山の手３-１２-７
セイコーマート函館西桔梗店,北海道函館市西桔梗町２４６-１１８
セイコーマート桔梗４丁目店,北海道函館市桔梗４-６-２６
セイコーマート函館昭和公園店,北海道函館市昭和町２２-１６２
セイコーマート函館宮前店,北海道函館市宮前町２５番１号
セイコーマート函館本通１丁目店,北海道函館市本通１丁目３６番３０号
セイコーマート函館港町店,北海道函館市港町３丁目５番２５号
セイコーマート函館公園線店,北海道函館市梁川町６番６号
セイコーマート函館五稜郭店,北海道函館市五稜郭町３１番３号
セイコーマート函館石川店,北海道函館市石川町４６９番２５
セイコーマート函館銭亀店,北海道函館市銭亀町１２１番地１
セイコーマート函館花園店,北海道函館市花園町２６番３号
セイコーマートなかた店,北海道小樽市稲穂３-４-１７
セイコーマート桜町店,北海道小樽市桜２-９-１
セイコーマート新光店,北海道小樽市新光５丁目１８番２号
セイコーマート小樽石山店,北海道小樽市石山町３５-１３
セイコーマート望洋台店,北海道小樽市望洋台２-３０-１
セイコーマート小樽築港店,北海道小樽市築港７-１２
セイコーマート小樽入船店,北海道小樽市入船４-７-２
セイコーマートかめやま高島店,北海道小樽市高島３-１-６
セイコーマート小樽最上店,北海道小樽市最上１-１６-２３
セイコーマート小樽若竹店,北海道小樽市若竹町３-２２
セイコーマート小樽梅ヶ枝店,北海道小樽市梅ヶ枝町３５-１５
セイコーマート小樽銭函店,北海道小樽市銭函３-１５-４
セイコーマート小樽長橋店,北海道小樽市長橋４丁目６番１号
セイコーマート小樽塩谷店,北海道小樽市塩谷２丁目１７番７号
セイコーマート入船１丁目店,北海道小樽市入船１丁目４番１６号
セイコーマート旭川９条通店,北海道旭川市９条通１６丁目２４番地１２１
セイコーマート神居６条店,北海道旭川市神居６条１０丁目３番３号
セイコーマート東鷹栖１条店,北海道旭川市東鷹栖１条３-６３５-１５
セイコーマート旭川北門町店,北海道旭川市北門町１４丁目２１４４番地１２５
セイコーマートまるひで店,北海道旭川市忠和５条６-１-１２
セイコーマート東光１３条店,北海道旭川市東光１３条１-３-１８
セイコーマートよねき店,北海道旭川市旭町１条２丁目
セイコーマート豊岡８条店,北海道旭川市豊岡８条１丁目１番２２号
セイコーマート旭川７条店,北海道旭川市７条西１-１-１７
セイコーマート永山７条４丁目店,北海道旭川市永山７条４丁目２番６号
セイコーマート旭川緑が丘店,北海道旭川市西御料２条１-１-１
セイコーマート旭町店,北海道旭川市旭町１条１７-２９８５-２６
セイコーマート永山２条店,北海道旭川市永山２条２２
セイコーマート春光台店,北海道旭川市春光台３条６-３-２
セイコーマート千代ヶ岡店,北海道旭川市西神楽２線２４号
セイコーマート東光６条店,北海道旭川市東光６条４-３４９-１
セイコーマート豊岡４条店,北海道旭川市豊岡４条９丁目１番１０号
セイコーマート永山４条店,北海道旭川市永山４条３-１-２３
セイコーマート旭川末広３条店,北海道旭川市末広３条７-１-１
セイコーマート旭川トーヨーホテル店,北海道旭川市７条通７-３２-１２-１
セイコーマート旭川永山１１条店,北海道旭川市永山１１条１-１２１-２
セイコーマート豊岡６条店,北海道旭川市豊岡６条４-２-１
セイコーマート豊岡１５条店,北海道旭川市豊岡１５条７-３-１８
セイコーマート旭川末広４条店,北海道旭川市末広４条１０-４-１５
セイコーマート豊岡１１条店,北海道旭川市豊岡１１条７-１-２
セイコーマート東光１４条店,北海道旭川市東光１４条６丁目５番２１号
セイコーマート春光５条店,北海道旭川市春光５条７丁目１１番３１号
セイコーマート旭川１条通店,北海道旭川市１条通８丁目右１０号
セイコーマート神楽岡通店,北海道旭川市神楽岡８条２丁目１番２０号
セイコーマート旭川あたご店,北海道旭川市豊岡１１条５丁目５番２号
セイコーマート旭川台場店,北海道旭川市台場２条３-１-３
セイコーマート東旭川店,北海道旭川市東旭川南１条７-１-２３
セイコーマート旭川流通団地店,北海道旭川市流通団地２条１丁目８-８
セイコーマート旭川神居７条店,北海道旭川市神居７条１-２-７
セイコーマート旭川８条通店,北海道旭川市８条通９-５２-１０
セイコーマート旭川４条通１０丁目店,北海道旭川市４条通１０丁目２２３４番地９
セイコーマート旭川本町店,北海道旭川市旭町１条３-２５８２-１３
セイコーマート旭川末広１条店,北海道旭川市末広１条３-３-１７
セイコーマート東旭川上兵村店,北海道旭川市東旭川町上兵村２８１番地の２
セイコーマート旭川末広東３条店,北海道旭川市末広東３条４丁目９番２０号
セイコーマート東光２条店,北海道旭川市東光２条２丁目５番２３号
セイコーマート永山７条店,北海道旭川市永山７条８丁目６番３号
セイコーマート旭川２条通店,北海道旭川市２条通１８丁目４７０番地
セイコーマート旭川流通団地２条店,北海道旭川市流通団地２条４丁目１７番地
セイコーマート豊岡４条６丁目店,北海道旭川市豊岡４条６丁目２番１号
セイコーマート旭川末広東１条１０丁目店,北海道旭川市末広東１条１０丁目２番１号
セイコーマート神楽３条店,北海道旭川市神楽３条９丁目１番２７号
セイコーマートルートイングランド旭川店,北海道旭川市宮下通８丁目１９６２番地１
セイコーマート春光台３条店,北海道旭川市春光台３条３丁目１番１９号
セイコーマート旭川６条大雪通店,北海道旭川市６条通１９丁目１７１７番地２１６
セイコーマートあずみ店,北海道室蘭市港北町１-５-３
セイコーマート室蘭高砂２丁目店,北海道室蘭市高砂町２-２８-６
セイコーマート室蘭八丁平店,北海道室蘭市八丁平２-７-３１
セイコーマートこんどう店,北海道室蘭市絵鞆町１-１２-１５
セイコーマート室蘭港南町店,北海道室蘭市港南町１-１９-９
セイコーマート室蘭母恋店,北海道室蘭市母恋南町１-７-８
セイコーマート室蘭高砂店,北海道室蘭市高砂町１-２-１５
セイコーマート白鳥台店,北海道室蘭市白鳥台４-１９-４１
セイコーマート室蘭中島本町店,北海道室蘭市中島本町１-１２-３７
セイコーマート室蘭御前水店,北海道室蘭市御前水町１丁目１３番２９号
セイコーマート室蘭栄町店,北海道室蘭市栄町２丁目４番１４号
セイコーマート室蘭日の出町店,北海道室蘭市日の出町１-２-４
セイコーマート東室蘭駅前店,北海道室蘭市中島町３丁目２５番２号
セイコーマート室蘭知利別店,北海道室蘭市知利別町１-１-１１
セイコーマート室蘭東町４丁目店,北海道室蘭市東町４丁目２５番１２号
セイコーマート室蘭高砂４丁目店,北海道室蘭市高砂町４丁目３２番１５号
セイコーマートカネトさとう店,北海道釧路市芦野５-１５-１３
セイコーマートきたぼし店,北海道釧路市材木町１２-１１
セイコーマート釧路昭和４丁目店,北海道釧路市昭和町４丁目８番１３号
セイコーマート釧路材木町店,北海道釧路市材木町２１番２３号
セイコーマート釧路春採店,北海道釧路市春採１丁目１３番２号
セイコーマート桜ヶ岡店,北海道釧路市桜ヶ岡７-１-２
セイコーマート城山釧路店,北海道釧路市城山１-６-２４
セイコーマート新富士店,北海道釧路市新富士町６-２-９
セイコーマート武佐店,北海道釧路市武佐２-３５-３０
セイコーマート文苑店,北海道釧路市文苑１-２３-１０
セイコーマート芦野店,北海道釧路市芦野５-１-２
セイコーマート阿寒湖バスセンター店,北海道釧路市阿寒町阿寒湖温泉３-４-５
セイコーマート音別店,北海道釧路市音別町朝日２-１４
セイコーマート阿寒店,北海道釧路市阿寒町仲町２-２-２
セイコーマート阿寒湖温泉店,北海道釧路市阿寒町阿寒湖温泉４-３-４６
セイコーマート釧路南大通店,北海道釧路市南大通２丁目１番５号
セイコーマート釧路美原店,北海道釧路市美原５-３１-４
セイコーマート末広４丁目店,北海道釧路市末広町４-９-３
セイコーマート鶴野店,北海道釧路市鶴野東５-２５-２１
セイコーマート釧路星が浦店,北海道釧路市星が浦北２-４-２５
セイコーマート鶴野東店,北海道釧路市鶴野東５-１-１１
セイコーマート星が浦大通店,北海道釧路市星が浦大通５-５-８
セイコーマート釧路海運店,北海道釧路市海運１-１-１３
セイコーマート鳥取大通９丁目店,北海道釧路市鳥取大通９-７-１
セイコーマート釧路興津店,北海道釧路市春採４丁目３０番１９号
セイコーマート釧路花園店,北海道釧路市花園町１０番３２号
セイコーマート釧路鶴ヶ岱店,北海道釧路市鶴ヶ岱２丁目１番３号
セイコーマート釧路昭和南店,北海道釧路市昭和南６丁目１５番１２号
セイコーマート釧路若草店,北海道釧路市若草町４番６号
セイコーマート釧路和商市場店,北海道釧路市黒金町１３丁目２５番地の５
セイコーマート帯広白樺通店,北海道帯広市西１９条南３丁目５５番２０号
セイコーマート帯広電信通店,北海道帯広市大通南６丁目６番地１
セイコーマート愛国店,北海道帯広市愛国町基線４４-１１
セイコーマート帯広栄通店,北海道帯広市西２１条南３丁目２番地３
セイコーマート春駒通り店,北海道帯広市西１２条南１８-２-１
セイコーマート西帯店,北海道帯広市西２４条南３丁目
セイコーマート帯広西２１条店,北海道帯広市西２１条南２-４３-６
セイコーマート帯広大空店,北海道帯広市大空町１-４-５
セイコーマート柏林台駅前店,北海道帯広市西１８条北１-２９-４
セイコーマート帯広西２３条店,北海道帯広市西２３条北１-１８
セイコーマート鈴蘭新道店,北海道帯広市西１２条北３-１-２９
セイコーマート帯広西１５条店,北海道帯広市西１５条北７-１-９
セイコーマート帯広大通店,北海道帯広市大通南２６丁目５番
セイコーマート帯広学園通店,北海道帯広市西１２条南４１-４
セイコーマート帯広西２２条店,北海道帯広市西２２条南３-３３-４
セイコーマート帯広東１２条店,北海道帯広市東１２条南５-１０
セイコーマート帯広自由が丘店,北海道帯広市自由が丘４丁目９番地１０
セイコーマート十勝支庁店,北海道帯広市東３条南３-４
セイコーマート帯広駅前店,北海道帯広市西１条南１２丁目１番地
セイコーマート稲田南店,北海道帯広市西５条南４１-７-２
セイコーマート西帯広２丁目店,北海道帯広市西２３条南２-１-１０
セイコーマート帯広弥生新道店,北海道帯広市西１８条南３１丁目４番地１
セイコーマート帯広新緑通店,北海道帯広市西１３条南１４-１-１３
セイコーマート清柳大橋店,北海道帯広市東４条南２４-１-１
セイコーマート帯広五中前店,北海道帯広市西１６条南４-１６-１５
セイコーマート帯広西２０条店,北海道帯広市西２０条南４-３９-１２
セイコーマート帯広公園東通店,北海道帯広市西１２条南２７丁目１４番地
セイコーマート帯広西１６条店,北海道帯広市西１６条南３３丁目１番１１号
セイコーマート帯広南の森店,北海道帯広市南の森東２丁目１２番地１２
セイコーマート帯広清流東店,北海道帯広市清流東２丁目１２番地１
セイコーマートとん田西町店,北海道北見市とん田西町３０９番地９
セイコーマート北見駅前店,北海道北見市大通西２-１２
セイコーマート北見田端店,北海道北見市田端町７１-１１
セイコーマート清月店,北海道北見市清月町７-２
セイコーマート美芳店,北海道北見市美芳町５-４-４
セイコーマート北見すえひろ店,北海道北見市末広町６６５-６
セイコーマートるべしべ店,北海道北見市留辺蘂町旭公園９５-４
セイコーマートところ店,北海道北見市常呂町常呂５７６-５
セイコーマート美山店,北海道北見市美山町南５丁目１３６-６
セイコーマート北見寿店,北海道北見市寿町３-４-６
セイコーマート北見大正店,北海道北見市大正１４０-１１
セイコーマート北見川沿店,北海道北見市川沿町１４５-１０９
セイコーマート北見幸町店,北海道北見市幸町２丁目１番２３号
セイコーマート北見卸町店,北海道北見市卸町１-１-１
セイコーマート北見中央三輪店,北海道北見市中央三輪１-３６３-１
セイコーマート北見常盤店,北海道北見市常盤町４-１３-１０
セイコーマート上ところ店,北海道北見市上ところ２８５番地
セイコーマート北見端野店,北海道北見市端野町三区４６７番地１
セイコーマート北見春光店,北海道北見市春光町２丁目１５５番地４４
セイコーマート相内店,北海道北見市相内町１８４番地２
セイコーマートもみじやま店,北海道夕張市紅葉山４７１-８
セイコーマート夕張南清水沢店,北海道夕張市南清水沢３-３８-３
セイコーマート夕張本町店,北海道夕張市本町６-１-３
セイコーマート夕張清水沢店,北海道夕張市清水沢３-１３１-２
セイコーマート岩見沢３条店,北海道岩見沢市３条西１１丁目１番地８
セイコーマートひらき店,北海道岩見沢市上幌向南１条４-１２６２-８
セイコーマート岩見沢日の出台店,北海道岩見沢市日の出台７-３-２３
セイコーマート上志文店,北海道岩見沢市志文町３５１-２
セイコーマート幌向店,北海道岩見沢市幌向南１条４-３５５-３
セイコーマートきたむら店,北海道岩見沢市北村赤川５８６-２
セイコーマート栗沢店,北海道岩見沢市栗沢本町１５０番３
セイコーマート岩見沢４条店,北海道岩見沢市４条東７-２７
セイコーマート岩見沢志文店,北海道岩見沢市志文町２０８番地５
セイコーマート栗沢最上店,北海道岩見沢市栗沢町字最上１２番地４３
セイコーマート岩見沢５条店,北海道岩見沢市５条東１５丁目５番地１
セイコーマート萩の山スキー場店,北海道岩見沢市上志文町２０番地１
セイコーマート岩見沢６条店,北海道岩見沢市６条西１丁目１番地１
セイコーマート岩見沢東店,北海道岩見沢市５条東１７丁目１８番地１１
セイコーマート岩見沢７条店,北海道岩見沢市７条東４丁目６番地１
セイコーマート岩見沢７条西２０丁目店,北海道岩見沢市７条西２０丁目２番地１
セイコーマートおおはし店,北海道網走市つくしケ丘６丁目
セイコーマート駒場北店,北海道網走市駒場北３-３-１
セイコーマート北浜店,北海道網走市字北浜９０-１
セイコーマート網走潮見店,北海道網走市潮見２-３０-３
セイコーマート網走学園通店,北海道網走市潮見１８７-１
セイコーマート網走潮見３丁目店,北海道網走市潮見３-８-１
セイコーマート網走南２条店,北海道網走市南２条西４-２-３
セイコーマート卯原内店,北海道網走市二見ヶ岡１０５-２０
セイコーマート網走北６条店,北海道網走市北６条西５-４-１
セイコーマート留萌沖見店,北海道留萌市沖見町３-８５-６
セイコーマート留萌元川店,北海道留萌市元川町２-１５４-１
セイコーマート留萌錦町店,北海道留萌市錦町３丁目１番１号
セイコーマートいちかわ店,北海道苫小牧市北光町４-１３-２０
セイコーマートウトナイ中央店,北海道苫小牧市ウトナイ北２丁目１番３０号
セイコーマートウトナイ店,北海道苫小牧市ウトナイ北１０丁目１７番１０号
セイコーマートおおもり店,北海道苫小牧市大成町１-１２-８
セイコーマートクリーン店,北海道苫小牧市日新町４-３-２５
セイコーマートふじもと店,北海道苫小牧市しらかば町６-２２-６
セイコーマート苫小牧表町店,北海道苫小牧市表町５丁目２番２号
セイコーマートゆうふつ店,北海道苫小牧市字勇払３６-８
セイコーマート沼ノ端店,北海道苫小牧市沼ノ端中央２丁目１番９号
セイコーマート苫小牧日吉町１丁目店,北海道苫小牧市日吉町１丁目６番１７号
セイコーマート苫小牧澄川店,北海道苫小牧市澄川町８-２-１
セイコーマート明野元町店,北海道苫小牧市明野元町２-２-４
セイコーマート拓勇東町４丁目店,北海道苫小牧市拓勇東町４丁目１８番２６号
セイコーマート苫小牧柏木店,北海道苫小牧市柏木町６-２１-２３
セイコーマート苫小牧一本松店,北海道苫小牧市一本松町１４-６
セイコーマート苫小牧大町店,北海道苫小牧市大町２-１-１
セイコーマート苫小牧元中野店,北海道苫小牧市元中野町４-８-５
セイコーマート拓勇東町６丁目店,北海道苫小牧市拓勇東町６丁目４番１６号
セイコーマート苫小牧港南店,北海道苫小牧市字勇払１４５-１０７
セイコーマートドーミーイン苫小牧店,北海道苫小牧市錦町２-１-２２
セイコーマート苫小牧東開店,北海道苫小牧市東開町４-２１-３２
セイコーマート苫小牧春日店,北海道苫小牧市春日町１-７-１７
セイコーマート元中野３丁目店,北海道苫小牧市元中野３-６-２２
セイコーマート苫小牧弥生店,北海道苫小牧市弥生町１-９-４
セイコーマート苫小牧新開店,北海道苫小牧市新開町３-１０-９
セイコーマート苫小牧三光店,北海道苫小牧市三光町２-１６-２０
セイコーマート拓勇西町店,北海道苫小牧市拓勇西町１丁目１４番１４号
セイコーマート柏木５丁目店,北海道苫小牧市柏木町５-１６-２１
セイコーマート苫小牧川沿店,北海道苫小牧市川沿町４-２-１２
セイコーマート拓勇西町７丁目店,北海道苫小牧市拓勇西町７丁目１番１４号
セイコーマート桜木町３丁目店,北海道苫小牧市桜木町３-１９-２３
セイコーマート苫小牧新明町店,北海道苫小牧市新明町１-２-５
セイコーマート苫小牧明野店,北海道苫小牧市明野新町６-２８-７
セイコーマート苫小牧美園店,北海道苫小牧市美園町２-１-９
セイコーマート苫小牧ときわ店,北海道苫小牧市ときわ町５丁目１９番１５号
セイコーマート苫東店,北海道苫小牧市字柏原６番地の２４７
セイコーマート苫小牧明徳店,北海道苫小牧市明徳町１丁目７番２１号
セイコーマート苫小牧有珠の沢店,北海道苫小牧市有珠の沢町４丁目２０番３７号
セイコーマート苫小牧沼ノ端ＴＳ店,北海道苫小牧市沼ノ端６０２番６
セイコーマートえびす店,北海道稚内市恵比須５-１-２１
セイコーマートかたやま店,北海道稚内市はまなす２-４-１
セイコーマートきくや店,北海道稚内市潮見１-６-１８
セイコーマートきごし店,北海道稚内市萩見２-１５-１０
セイコーマートこまどり店,北海道稚内市こまどり５-２-１０
セイコーマートさの末広店,北海道稚内市潮見２-５-１７
セイコーマートとみいそ店,北海道稚内市宗谷村富磯
セイコーマートなかがわ稚内店,北海道稚内市港３-１-４
セイコーマートふるにし店,北海道稚内市緑２丁目３番１９号
セイコーマートみどり店,北海道稚内市緑４-１７-５
セイコーマートみなと店,北海道稚内市港５丁目５番２１号
セイコーマート若葉台店,北海道稚内市萩見５-３５-８
セイコーマート大黒店,北海道稚内市大黒３-４-４４
セイコーマート稚内中央店,北海道稚内市中央４丁目６番３号
セイコーマート南稚内店,北海道稚内市末広２-１-２
セイコーマート宝来店,北海道稚内市宝来４-７-３７
セイコーマート稚内１条通店,北海道稚内市中央５-９-１７
セイコーマート稚内駅前店,北海道稚内市中央３-６-１
セイコーマート丸田まえだ店,北海道美唄市大通西１条北４-１-２０
セイコーマート専修大学前店,北海道美唄市光珠内北３６７-１２
セイコーマート美唄東３条店,北海道美唄市東３条南６-９-２３
セイコーマート美唄共練店,北海道美唄市東３条南５-３-５
セイコーマート美唄東５条店,北海道美唄市東５条北５丁目１番１５号
セイコーマート上芦別店,北海道芦別市上芦別町１０５
セイコーマート芦別北３条店,北海道芦別市北３条東１-３-６
セイコーマート芦別北店,北海道芦別市北５条西３-１
セイコーマートあきた店,北海道江別市文京台４３-１４
セイコーマートこざわ店,北海道江別市東光町３３-２０
セイコーマートみなみ店,北海道江別市野幌屯田町３３-３
セイコーマート江別朝日店,北海道江別市朝日町２８-８
セイコーマートゆめみ野店,北海道江別市上江別南町５２-６
セイコーマート江別中央店,北海道江別市中央町２９-１０
セイコーマート文京台店,北海道江別市文京台２７番地の７
セイコーマート上江別西町店,北海道江別市上江別西町５６番地４
セイコーマート泉町店,北海道江別市大麻泉町５-１
セイコーマート東野幌店,北海道江別市あさひが丘７-１２
セイコーマート白樺通店,北海道江別市野幌若葉町２０-２０
セイコーマート豊幌店,北海道江別市豊幌美咲町３-１３
セイコーマート野幌若葉店,北海道江別市野幌若葉町４６-１６
セイコーマート野幌ＰＡ下り店,北海道江別市西野幌３６-２
セイコーマート野幌ＰＡ上り店,北海道江別市西野幌６９-７
セイコーマート江別幸町店,北海道江別市幸町１２番１７
セイコーマート大麻東町店,北海道江別市大麻東町１-２
セイコーマート上江別東町店,北海道江別市上江別西町２-１
セイコーマート野幌駅前店,北海道江別市野幌東町５-１７
セイコーマート江別工業団地店,北海道江別市工栄町２７番地の３
セイコーマート大麻ひかり町店,北海道江別市大麻ひかり町１７番地の１５
セイコーマート元江別店,北海道江別市元江別８７３番地の１９
セイコーマート赤平東大町店,北海道赤平市東大町３丁目１２番地
セイコーマート紋別ごとう店,北海道紋別市落石町４-３４-７
セイコーマート紋別港町店,北海道紋別市港町６-１０-３
セイコーマート紋別大山店,北海道紋別市大山町３-５-５１
セイコーマート紋別南が丘店,北海道紋別市南が丘町７丁目８番５号
セイコーマート紋別落石店,北海道紋別市落石町３丁目３７番２０号
セイコーマート紋別海洋公園店,北海道紋別市海洋公園１番地
セイコーマート上渚滑店,北海道紋別市上渚滑町４丁目１３８番地の１
セイコーマート紋別緑町５丁目店,北海道紋別市緑町５丁目６番１０号
セイコーマート士別南大通り店,北海道士別市東２条９-２
セイコーマート士別北大通り店,北海道士別市東１条北７-８
セイコーマート上士別店,北海道士別市上士別町１４３８
セイコーマート士別西店,北海道士別市西３条１-４
セイコーマート名寄大通店,北海道名寄市大通北５-７
セイコーマート名寄中央店,北海道名寄市西４条南１-１０-１
セイコーマート名寄西４条店,北海道名寄市西４条南９丁目４番１号
セイコーマート風連店,北海道名寄市風連町大町３４
セイコーマート名寄東６条店,北海道名寄市東６条南９-１０９-７５
セイコーマート名寄西１０条店,北海道名寄市西１０条北４丁目８番地１１０
セイコーマート三笠店,北海道三笠市本町２４８-６
セイコーマートたぼ琴平店,北海道根室市琴平町２-３４
セイコーマートのと店,北海道根室市宝林町２-１２２
セイコーマート花咲店,北海道根室市花咲港１８０-１
セイコーマート光洋店,北海道根室市光洋町２-３４
セイコーマート根室西浜店,北海道根室市西浜町９丁目１１番地３
セイコーマートうちやま歯舞店,北海道根室市歯舞３-４-１
セイコーマート根室平内店,北海道根室市平内町２-１６
セイコーマート根室厚床店,北海道根室市厚床１-２１９-１４
セイコーマート根室高校前店,北海道根室市光洋町３-３８-３
セイコーマート千歳住吉店,北海道千歳市住吉３-１４-９
セイコーマートふくみや店,北海道千歳市花園６-１-１
セイコーマート向陽台店,北海道千歳市柏陽１-３-５
セイコーマート千歳富丘店,北海道千歳市富丘１-２８-９
セイコーマート千歳北陽店,北海道千歳市北陽３丁目６番８号
セイコーマート北斗店,北海道千歳市北斗１-１６-１６
セイコーマート千歳日の出店,北海道千歳市日の出１-１-５０
セイコーマート千歳梅ヶ丘店,北海道千歳市梅ヶ丘２丁目１番１号
セイコーマート千歳花園店,北海道千歳市花園７-１３-１３
セイコーマート長都駅前店,北海道千歳市長都駅前３-１-２９
セイコーマート千歳稲穂店,北海道千歳市稲穂３-１１-８
セイコーマート千歳高台店,北海道千歳市高台１-６-３
セイコーマート千歳若草店,北海道千歳市若草１-２-４
セイコーマート千歳長都みどり台店,北海道千歳市みどり台北２丁目２番４号
セイコーマート千歳新富店,北海道千歳市新富１丁目２０番５号
セイコーマート千歳大和店,北海道千歳市大和１丁目４番２１号
セイコーマート北斗４丁目店,北海道千歳市北斗４丁目１４番２０号
セイコーマートよしはら店,北海道滝川市明神町４-４-３５
セイコーマート滝川黄金店,北海道滝川市黄金町東３-１-１
セイコーマート滝川幸町店,北海道滝川市幸町２-２-２６
セイコーマート滝川滝の川店,北海道滝川市滝の川町東４-１４-１２
セイコーマート東滝川店,北海道滝川市東滝川町３丁目１-１０
セイコーマート江部乙店,北海道滝川市江部乙町西１１丁目１番６３号
セイコーマート滝川本町店,北海道滝川市本町１丁目１番３０号
セイコーマート滝川東町店,北海道滝川市東町５丁目１番１５号
セイコーマート砂川吉野店,北海道砂川市吉野１条南５丁目１番１号
セイコーマート砂川空知太店,北海道砂川市空知太東２-２-４
セイコーマート砂川南店,北海道砂川市西１条南１１-１-６
セイコーマート空知太東１条店,北海道砂川市空知太東１条５-１-１１
セイコーマート砂川西２条店,北海道砂川市西２条北３-１-１
セイコーマート砂川東１条店,北海道砂川市東１条北１０丁目１番３号
セイコーマート歌志内店,北海道歌志内市字文珠２２６-１７
セイコーマート歌志内東光店,北海道歌志内市字東光２-４
セイコーマート深川店,北海道深川市北光町２-１４-７
セイコーマート深川西町店,北海道深川市西町２-１９
セイコーマート深川多度志店,北海道深川市多度志１２０
セイコーマート納内店,北海道深川市納内町３-７-４１
セイコーマート富良野山部店,北海道富良野市山部中町３番１０号
セイコーマート瑞穂店,北海道富良野市瑞穂町１-２７
セイコーマート富良野店,北海道富良野市本町１２番２９号
セイコーマート富良野北の峰店,北海道富良野市北の峰町３０-１９
セイコーマートなりた店,北海道登別市登別東町２-１０-５
セイコーマート登別富士店,北海道登別市富士町６-２０-４
セイコーマート登別店,北海道登別市登別温泉町６０
セイコーマート登別新生店,北海道登別市新生町２-１３-７
セイコーマート登別若草店,北海道登別市若草町４-１７-７
セイコーマート登別中央店,北海道登別市中央町７-１０-１
セイコーマート恵庭島松店,北海道恵庭市島松寿町１-９-１３
セイコーマートさちづる中店,北海道恵庭市中島町５-８-６
セイコーマートさちづる南店,北海道恵庭市桜町２-６-６
セイコーマート恵み野北店,北海道恵庭市恵み野北１-１-１０
セイコーマートしろ店,北海道恵庭市黄金中央４-９-１
セイコーマート恵庭有明店,北海道恵庭市有明町２丁目１６番９号
セイコーマートまきば店,北海道恵庭市美咲野１-１１-１１
セイコーマート恵庭中央店,北海道恵庭市中央８９
セイコーマート恵庭和光店,北海道恵庭市和光町１-１-１２
セイコーマート文京店,北海道恵庭市文京町２-２０-６
セイコーマートさちづる東店,北海道恵庭市黄金南３-７-１２
セイコーマート恵庭柏木店,北海道恵庭市柏木町３丁目１３番４５号
セイコーマート戸磯工業団地店,北海道恵庭市和光町５-１５-１
セイコーマート恵庭緑町店,北海道恵庭市緑町２丁目１番１号
セイコーマート長和店,北海道伊達市長和町４５９番地９９
セイコーマートたなか伊達店,北海道伊達市旭町６９-１９
セイコーマートマルタたなか店,北海道伊達市山下町１１８-３７
セイコーマートろうげつ店,北海道伊達市弄月町２３９-１
セイコーマート伊達末永店,北海道伊達市末永町２４３-２
セイコーマート南有珠店,北海道伊達市南有珠町１４７-４
セイコーマート大滝店,北海道伊達市大滝区優徳町８７-２
セイコーマート伊達舟岡店,北海道伊達市舟岡町３５１-１
セイコーマート大曲緑ヶ丘店,北海道北広島市大曲緑ヶ丘７-８-１
セイコーマート柏葉台店,北海道北広島市大曲柏葉２-１-１３
セイコーマート北広島高台店,北海道北広島市高台町３-１０-１
セイコーマート北広島西口店,北海道北広島市北進町１-４-６
セイコーマートはら店,北海道北広島市輪厚元町１-１-１
セイコーマート北広島白樺店,北海道北広島市白樺町１-７-１
セイコーマート大曲工業団地店,北海道北広島市大曲工業団地５-３-３
セイコーマート北広島西の里店,北海道北広島市西の里北１-１-１
セイコーマート北広島北の里店,北海道北広島市北の里３６-３
セイコーマート北広島中央店,北海道北広島市中央１丁目５番地２３
セイコーマートうえだ店,北海道石狩市花川南６条２-２１２
セイコーマート花川南５条店,北海道石狩市花川南５条１丁目１番地７
セイコーマートばんなぐろ店,北海道石狩市花川北６条２丁目２２
セイコーマート花川南店,北海道石狩市花川南１条２-２３５-１
セイコーマート新港中央店,北海道石狩市新港中央１-２０２
セイコーマート親船店,北海道石狩市船場町１１８
セイコーマート緑苑台店,北海道石狩市緑苑台東３条３-２３６
セイコーマート花川北２条店,北海道石狩市花川北２条２-２０２-２
セイコーマートよしの店,北海道石狩市厚田区望来５８-１
セイコーマート厚田店,北海道石狩市厚田区厚田７-３
セイコーマート浜益店,北海道石狩市浜益区川下５２-５
セイコーマート新港西店,北海道石狩市新港西３-７３８
セイコーマート花川北４条店,北海道石狩市花川北４条３-５-２
セイコーマート石狩八幡店,北海道石狩市八幡２丁目３３２番地１１
セイコーマート新港東店,北海道石狩市新港東２-１６１-１
セイコーマート花川南９条店,北海道石狩市花川南９条４丁目８番地
セイコーマート新港西１丁目店,北海道石狩市新港西１丁目７２１番地１２
セイコーマート新港南店,北海道石狩市新港南２丁目７０１番地
セイコーマート北斗中野通店,北海道北斗市中野通２丁目８番１４号
セイコーマート大野店,北海道北斗市字市渡４６５
セイコーマート上磯久根別店,北海道北斗市久根別４-４-１０
セイコーマート北斗七重浜店,北海道北斗市七重浜７-１３-３
セイコーマート北斗向野店,北海道北斗市向野１丁目４番７号
セイコーマート当別弥生店,北海道石狩郡当別町弥生１-１
セイコーマート当別太美店,北海道石狩郡当別町太美南９６５-２５
セイコーマート当別東町店,北海道石狩郡当別町東町３７１番地１３
セイコーマート新篠津店,北海道石狩郡新篠津村第４６線北１３
セイコーマート松前静浦店,北海道松前郡松前町字静浦２２１-１
セイコーマート松前朝日店,北海道松前郡松前町字朝日４７７-１
セイコーマート福島店,北海道松前郡福島町字福島４６-１７
セイコーマート知内元町店,北海道上磯郡知内町字元町１２６
セイコーマート二吉いとう店,北海道上磯郡知内町重内３１-１０５
セイコーマート木古内店,北海道上磯郡木古内町本町３２８番地２
セイコーマート木古内泉沢店,北海道上磯郡木古内町字泉沢６８-１
セイコーマート七飯本町店,北海道亀田郡七飯町本町２丁目４-４
セイコーマート七飯大川店,北海道亀田郡七飯町大川８-１２-１８
セイコーマート七飯大中山店,北海道亀田郡七飯町大中山１丁目６番１８号
セイコーマート七飯桜町店,北海道亀田郡七飯町桜町１丁目１番５号
セイコーマート七飯大沼店,北海道亀田郡七飯町字大沼８１６番地３０
セイコーマート鹿部店,北海道茅部郡鹿部町字宮浜９４-２
セイコーマート砂原店,北海道茅部郡森町字砂原２-７７-１
セイコーマート森川町店,北海道茅部郡森町字森川町２４１番地１
セイコーマート森尾白内店,北海道茅部郡森町字尾白内町３６６-１
セイコーマート八雲出雲店,北海道二海郡八雲町出雲町５７-１
セイコーマート熊石店,北海道二海郡八雲町熊石根崎町５５-１
セイコーマート八雲東雲店,北海道二海郡八雲町東雲町３-１４
セイコーマート八雲落部店,北海道二海郡八雲町字落部５４９
セイコーマート長万部センター通店,北海道山越郡長万部町字長万部４３１-８５
セイコーマート江差新地店,北海道檜山郡江差町新地町６７
セイコーマート江差尾山店,北海道檜山郡江差町字尾山町４６-２
セイコーマート上ノ国店,北海道檜山郡上ノ国町字大留１７０-２
セイコーマートヤマコこばやし店,北海道檜山郡厚沢部町本町８０-６
セイコーマート乙部店,北海道爾志郡乙部町字館浦４９０番地１
セイコーマート奥尻店,北海道奥尻郡奥尻町字奥尻７４１
セイコーマート今金店,北海道瀬棚郡今金町字今金１７-６４
セイコーマート大成店,北海道久遠郡せたな町大成区宮野１７７
セイコーマート瀬棚店,北海道久遠郡せたな町瀬棚区本町７４７-１
セイコーマート北桧山店,北海道久遠郡せたな町北檜山区北檜山１８８-８
セイコーマート島牧店,北海道島牧郡島牧村泊５７-３
セイコーマート歌棄店,北海道寿都郡寿都町歌棄町歌棄２４５
セイコーマート寿都店,北海道寿都郡寿都町六条町１６３-２
セイコーマート寿都矢追店,北海道寿都郡寿都町字矢追町５７９-１５
セイコーマート黒松内店,北海道寿都郡黒松内町字黒松内４４１-１４
セイコーマート蘭越中央店,北海道磯谷郡蘭越町蘭越町１１３-１１
セイコーマート蘭越店,北海道磯谷郡蘭越町蘭越町４２８-３
セイコーマートニセコ店,北海道虻田郡ニセコ町字本通１３７-５
セイコーマート真狩店,北海道虻田郡真狩村字真狩１２１番地７
セイコーマートルスツ店,北海道虻田郡留寿都村字泉川１４４
セイコーマートようていルスツ店,北海道虻田郡留寿都村字留寿都８５番地
セイコーマート喜茂別店,北海道虻田郡喜茂別町字喜茂別３５５番地４５
セイコーマート京極店,北海道虻田郡京極町字京極５３５
セイコーマートニセコひらふ店,北海道虻田郡倶知安町ニセコひらふ１条３-３-８
セイコーマート倶知安南８条店,北海道虻田郡倶知安町南８条東１-１-１０
セイコーマート倶知安北１条店,北海道虻田郡倶知安町北１条東１-３
セイコーマート倶知安北３条店,北海道虻田郡倶知安町北３条東５-５
セイコーマート倶知安高砂店,北海道虻田郡倶知安町字高砂８４-７
セイコーマート国富店,北海道岩内郡共和町国富３
セイコーマートりやむない店,北海道岩内郡共和町梨野舞納９-２８
セイコーマート岩内万代店,北海道岩内郡岩内町字万代９-１０
セイコーマート岩内東山店,北海道岩内郡岩内町字東山１２３番地の３
セイコーマート泊店,北海道古宇郡泊村大字堀株村字滝ノ澗１９-１８
セイコーマート美国店,北海道積丹郡積丹町美国町船澗７２
セイコーマートふるびら店,北海道古平郡古平町大字浜町７５
セイコーマート仁木店,北海道余市郡仁木町北町７-３-２
セイコーマート余市黒川店,北海道余市郡余市町黒川町１５-２１-１０
セイコーマート余市浜中店,北海道余市郡余市町浜中町１０６-３
セイコーマート余市大川店,北海道余市郡余市町大川町１１-６５
セイコーマート余市黒川小前店,北海道余市郡余市町黒川町８８５番地４
セイコーマート赤井川店,北海道余市郡赤井川村字赤井川２８５
セイコーマートなんぽろ店,北海道空知郡南幌町稲穂２-４-１４
セイコーマート南幌栄町店,北海道空知郡南幌町栄町２丁目１番１４号
セイコーマート奈井江店,北海道空知郡奈井江町奈井江町２２５
セイコーマート奈井江本町店,北海道空知郡奈井江町字奈井江１４４-５
セイコーマート上砂川店,北海道空知郡上砂川町鶉１条３-１-１
セイコーマートともひろ店,北海道夕張郡由仁町東三川５１８
セイコーマート三川店,北海道夕張郡由仁町三川緑町５６
セイコーマート由仁店,北海道夕張郡由仁町東栄１６-４
セイコーマートかわみなみ店,北海道夕張郡長沼町東９線南７
セイコーマート長沼店,北海道夕張郡長沼町錦町北１-１３-６-１
セイコーマート栗山中央店,北海道夕張郡栗山町中央２丁目１０１番地１
セイコーマート新十津川店,北海道樺戸郡新十津川町弥生１-８
セイコーマート新十津川中央店,北海道樺戸郡新十津川町字中央７３-４１
セイコーマート妹背牛店,北海道雨竜郡妹背牛町字妹背牛３７８-８
セイコーマート秩父別店,北海道雨竜郡秩父別町１２７２-５
セイコーマートいけだ雨竜店,北海道雨竜郡雨竜町第８町内
セイコーマートへきすい店,北海道雨竜郡北竜町碧水６-１
セイコーマート沼田店,北海道雨竜郡沼田町本通６-４-５８
セイコーマート鷹栖店,北海道上川郡鷹栖町北野西３条１丁目２番１号
セイコーマート東神楽１条店,北海道上川郡東神楽町北１条西２丁目１２番１１号
セイコーマートひじり野店,北海道上川郡東神楽町ひじり野南１-４-６２-１２９
セイコーマート当麻３条店,北海道上川郡当麻町３条西４-１４-１３
セイコーマート比布新町店,北海道上川郡比布町新町２丁目１番２号
セイコーマート愛別店,北海道上川郡愛別町字中央２４１
セイコーマート上川中央店,北海道上川郡上川町中央町５６
セイコーマート層雲峡店,北海道上川郡上川町字層雲峡
セイコーマート東川店,北海道上川郡東川町北町４-１-１
セイコーマート美瑛店,北海道上川郡美瑛町幸町１丁目
セイコーマート上富良野店,北海道空知郡上富良野町南町２-１０５４-７
セイコーマート上富良野宮町店,北海道空知郡上富良野町宮町３丁目６番１８号
セイコーマート中富良野店,北海道空知郡中富良野町新町１-２５
セイコーマート南富良野店,北海道空知郡南富良野町字幾寅６１７番地２４
セイコーマート和寒店,北海道上川郡和寒町字北町２３
セイコーマートけんぶち店,北海道上川郡剣淵町西町２１-５
セイコーマート下川店,北海道上川郡下川町西町２４０
セイコーマート美深店,北海道中川郡美深町大通南７丁目１６番地１５
セイコーマート音威子府店,北海道中川郡音威子府村字音威子府４８８
セイコーマート天塩中川店,北海道中川郡中川町字中川２２９-１２
セイコーマートいとう増毛店,北海道増毛郡増毛町舎熊３９７-１
セイコーマート増毛南暑寒町店,北海道増毛郡増毛町南暑寒町６丁目７４番地の１０
セイコーマート小平店,北海道留萌郡小平町字小平町１２９-１３
セイコーマート鬼鹿店,北海道留萌郡小平町字鬼鹿港町１７１-２
セイコーマートむらい苫前店,北海道苫前郡苫前町字苫前１９６-１
セイコーマート古丹別店,北海道苫前郡苫前町字古丹別２４９-２２
セイコーマートよこやま羽幌店,北海道苫前郡羽幌町南大通５丁目
セイコーマート羽幌南町店,北海道苫前郡羽幌町南町３１-２６
セイコーマート羽幌北大通店,北海道苫前郡羽幌町北大通４-８-１
セイコーマート初山別店,北海道苫前郡初山別村字初山別９７番１
セイコーマート遠別店,北海道天塩郡遠別町字本町５-１７
セイコーマート遠別本町店,北海道天塩郡遠別町字本町２-４０-４１
セイコーマートあかつか天塩店,北海道天塩郡天塩町字川口５７８８-６
セイコーマート天塩川口店,北海道天塩郡天塩町字川口５６９２番地２
セイコーマートさるふつ店,北海道宗谷郡猿払村浜鬼志別９８８-２
セイコーマート浜頓別緑ヶ丘店,北海道枝幸郡浜頓別町緑ヶ丘３-３
セイコーマート浜頓別店,北海道枝幸郡浜頓別町大通４丁目
セイコーマートなかとんべつ店,北海道枝幸郡中頓別町字中頓別１６１-３
セイコーマートふじた枝幸店,北海道枝幸郡枝幸町乙忠部１２７-１
セイコーマート枝幸店,北海道枝幸郡枝幸町岬町
セイコーマート枝幸さいわい店,北海道枝幸郡枝幸町幸町１３１２-１
セイコーマート歌登店,北海道枝幸郡枝幸町歌登西町１２０-８７
セイコーマート枝幸栄町店,北海道枝幸郡枝幸町栄町６４９番地４
セイコーマートエベコロ店,北海道天塩郡豊富町大通り１丁目
セイコーマートとよとみ店,北海道天塩郡豊富町大通り１１丁目
セイコーマート香深店,北海道礼文郡礼文町大字香深村字ヘウケトンナイ１７６
セイコーマート沓形店,北海道利尻郡利尻町沓形字本町８１
セイコーマート利尻店,北海道利尻郡利尻富士町鴛泊字栄町４０-２
セイコーマート鬼脇店,北海道利尻郡利尻富士町鬼脇字金崎２５３-１
セイコーマートほろのべ店,北海道天塩郡幌延町元町２７-４
セイコーマート美幌鳥里店,北海道網走郡美幌町鳥里４-３-２１
セイコーマートびほろ店,北海道網走郡美幌町大通南２-２１
セイコーマート美幌三橋店,北海道網走郡美幌町字三橋町２丁目９番地の１
セイコーマート美幌青山店,北海道網走郡美幌町字青山北４５番地４
セイコーマート美幌稲美店,北海道網走郡美幌町字稲美９２-１３
セイコーマート津別店,北海道網走郡津別町字新町１５-３
セイコーマートウトロ店,北海道斜里郡斜里町ウトロ東１５６
セイコーマート斜里青葉店,北海道斜里郡斜里町青葉町２５-９
セイコーマート斜里店,北海道斜里郡斜里町港町１４-９
セイコーマート清里水元店,北海道斜里郡清里町水元町２６-１９
セイコーマート小清水店,北海道斜里郡小清水町元町１丁目１０番１２号
セイコーマート小清水道の駅店,北海道斜里郡小清水町浜小清水４７４-７
セイコーマート訓子府店,北海道常呂郡訓子府町若富町２番地
セイコーマート置戸役場前店,北海道常呂郡置戸町字置戸１５２番地の７
セイコーマートサロマ店,北海道常呂郡佐呂間町西富９２-４
セイコーマート遠軽西町店,北海道紋別郡遠軽町西町１-４-３３
セイコーマート遠軽店,北海道紋別郡遠軽町大通北９-２-１３
セイコーマート遠軽南町店,北海道紋別郡遠軽町南町３-１２-３
セイコーマート丸瀬布店,北海道紋別郡遠軽町丸瀬布東町２４７-９
セイコーマート安国店,北海道紋別郡遠軽町生田原安国９２-４
セイコーマート生田原店,北海道紋別郡遠軽町生田原４７３-１
セイコーマート上湧別店,北海道紋別郡湧別町上湧別屯田市街地２９４-２
セイコーマートたかだ中湧別店,北海道紋別郡湧別町北兵村三区５１８番４
セイコーマート湧別店,北海道紋別郡湧別町錦町１４５-２１
セイコーマート滝上店,北海道紋別郡滝上町旭町
セイコーマート興部店,北海道紋別郡興部町字興部１３７
セイコーマート沙留店,北海道紋別郡興部町字沙留１９３-１
セイコーマート西興部店,北海道紋別郡西興部村西興部３８
セイコーマート雄武店,北海道紋別郡雄武町字雄武１４５０番地の７
セイコーマート雄武日の出店,北海道紋別郡雄武町雄武２０４-１
セイコーマートさとみ店,北海道網走郡大空町東藻琴３４４-４
セイコーマート女満別店,北海道網走郡大空町女満別西二条２-２-２
セイコーマートやじま豊浦店,北海道虻田郡豊浦町船見町８１-１
セイコーマートふじさわ店,北海道有珠郡壮瞥町字滝之町２４７-６
セイコーマート壮瞥温泉店,北海道有珠郡壮瞥町字壮瞥温泉５２-２
セイコーマートやはば店,北海道白老郡白老町字虎杖浜６-１
セイコーマート白老公園通店,北海道白老郡白老町栄町２-２-５
セイコーマート白老東店,北海道白老郡白老町日の出町３-４７-３０
セイコーマート白老虎杖浜店,北海道白老郡白老町字虎杖浜５６-１６
セイコーマート白老萩野店,北海道白老郡白老町萩野３３９-１
セイコーマート厚真店,北海道勇払郡厚真町本郷２５２-６
セイコーマート洞爺たなか店,北海道虻田郡洞爺湖町字洞爺湖温泉町３８-１
セイコーマート洞爺店,北海道虻田郡洞爺湖町字洞爺町７７
セイコーマート虻田高砂店,北海道虻田郡洞爺湖町高砂町１１６-２
セイコーマート追分本町店,北海道勇払郡安平町追分本町６-７-１
セイコーマート安平店,北海道勇払郡安平町安平６７１-３
セイコーマート穂別店,北海道勇払郡むかわ町字穂別８５-１
セイコーマート鵡川宮戸店,北海道勇払郡むかわ町字宮戸２９９
セイコーマート鵡川美幸店,北海道勇払郡むかわ町美幸１-５
セイコーマート日高店,北海道沙流郡日高町新町２-４２４-３３
セイコーマートまつした店,北海道沙流郡日高町富川北２-６-３１
セイコーマートみはら店,北海道沙流郡日高町富川西４-２-６
セイコーマート門別緑町店,北海道沙流郡日高町字緑町４１-５３
セイコーマートやだ店,北海道沙流郡日高町富川東２-５-８
セイコーマート門別厚賀店,北海道沙流郡日高町字厚賀町１５２-１２
セイコーマート日高道の駅店,北海道沙流郡日高町本町東１-２９７-３５
セイコーマートたんの店,北海道沙流郡平取町本町３-１
セイコーマート振内店,北海道沙流郡平取町振内町２３-１
セイコーマート新冠店,北海道新冠郡新冠町字中央町１-２０
セイコーマート浦河大通店,北海道浦河郡浦河町大通４-４２
セイコーマート浦河堺町店,北海道浦河郡浦河町堺町西４-４-７０
セイコーマート浦河西幌別店,北海道浦河郡浦河町字西幌別８-１０
セイコーマート船越谷店,北海道浦河郡浦河町字絵笛５０-１０
セイコーマート浦河荻伏店,北海道浦河郡浦河町荻伏町３６１
セイコーマート浦河東町店,北海道浦河郡浦河町東町ちのみ２-３-１４
セイコーマート様似店,北海道様似郡様似町大通１-２７
セイコーマート様似大通店,北海道様似郡様似町大通３-６８-１
セイコーマートえりも店,北海道幌泉郡えりも町字新浜６１-２０
セイコーマートえりも大和店,北海道幌泉郡えりも町字大和２７４-３１
セイコーマート静内旭町店,北海道日高郡新ひだか町旭町１-１３-１０
セイコーマート静内緑町店,北海道日高郡新ひだか町静内緑町５-２-２３
セイコーマート静内木場店,北海道日高郡新ひだか町静内木場町２-１-２７
セイコーマート三石港町店,北海道日高郡新ひだか町三石港町１０７
セイコーマートマルサン三石店,北海道日高郡新ひだか町三石旭町１７
セイコーマート本桐店,北海道日高郡新ひだか町三石本桐２３１-１
セイコーマート静内高砂店,北海道日高郡新ひだか町静内高砂町１-１８-７
セイコーマートはった静内店,北海道日高郡新ひだか町静内目名２-２
セイコーマート東静内店,北海道日高郡新ひだか町東静内４１
セイコーマート静内御幸店,北海道日高郡新ひだか町静内御幸町４-２-１０
セイコーマートよしぐち店,北海道河東郡音更町木野大通西１４丁目
セイコーマート音更店,北海道河東郡音更町大通１１-３
セイコーマート緑陽店,北海道河東郡音更町緑陽台仲区３０-３
セイコーマート音更木野東店,北海道河東郡音更町木野大通東９-４-８
セイコーマート音更宝来西町店,北海道河東郡音更町宝来西町南２-１５-１２
セイコーマート十勝大橋店,北海道河東郡音更町木野大通西２-２-１６
セイコーマート十勝川温泉店,北海道河東郡音更町十勝川温泉南１４-１-４４
セイコーマート音更すずらん店,北海道河東郡音更町すずらん台仲町１-１-６
セイコーマート士幌店,北海道河東郡士幌町字士幌１６４-４
セイコーマート中士幌店,北海道河東郡士幌町字中士幌西２線７８
セイコーマートうえだ上士幌店,北海道河東郡上士幌町字上士幌東３線２３９
セイコーマート鹿追店,北海道河東郡鹿追町南町３丁目
セイコーマート屈足店,北海道上川郡新得町屈足幸町４-２-１
セイコーマート新得店,北海道上川郡新得町５条南１丁目
セイコーマート新得西３条店,北海道上川郡新得町西３条南４-３
セイコーマート御影店,北海道上川郡清水町字御影南１線５９-１
セイコーマート清水南２条店,北海道上川郡清水町南２条３-１８
セイコーマート清水店,北海道上川郡清水町南８条４丁目１５番地１
セイコーマートしなだ店,北海道河西郡芽室町本通４-１０
セイコーマート芽室東１条店,北海道河西郡芽室町東１条１０-１-７
セイコーマートたさか店,北海道河西郡中札内村大通南３-４４
セイコーマートやまぐち更別店,北海道河西郡更別村緑町９８
セイコーマートたちばな大樹店,北海道広尾郡大樹町柏木町９-７
セイコーマートたちばな店,北海道広尾郡広尾町丸山通北１-３５
セイコーマート札内若草店,北海道中川郡幕別町札内若草町５３９番地６０
セイコーマート忠類店,北海道中川郡幕別町忠類栄町２２５
セイコーマート幕別本町店,北海道中川郡幕別町本町２３
セイコーマート札内北町店,北海道中川郡幕別町札内北町３４-１９
セイコーマート池田店,北海道中川郡池田町字利別本町１番地
セイコーマート池田西２条店,北海道中川郡池田町字西２条７-１-１
セイコーマートはせがわ豊頃店,北海道中川郡豊頃町豊頃南町１０６
セイコーマート豊頃役場前店,北海道中川郡豊頃町茂岩本町３７番地
セイコーマート本別店,北海道中川郡本別町南３丁目１番地１４
セイコーマート上本別店,北海道中川郡本別町上本別１０-４-１０
セイコーマート本別北店,北海道中川郡本別町北５丁目１番地１
セイコーマート足寄店,北海道足寄郡足寄町南７条１-４０-１
セイコーマート足寄東店,北海道足寄郡足寄町南１条４丁目
セイコーマート陸別店,北海道足寄郡陸別町字陸別１２２-２
セイコーマートたむら浦幌店,北海道十勝郡浦幌町字万年３４３
セイコーマートたにぐち釧路店,北海道釧路郡釧路町河畔２-５
セイコーマート遠矢店,北海道釧路郡釧路町よし野１-９
セイコーマート若葉店,北海道釧路郡釧路町若葉３-１
セイコーマート別保店,北海道釧路郡釧路町東陽大通西２-１-１２
セイコーマート北都１丁目店,北海道釧路郡釧路町北都１-１-１
セイコーマート光和店,北海道釧路郡釧路町光和８丁目３５番地１
セイコーマート厚岸港町店,北海道厚岸郡厚岸町港町２丁目５８番地
セイコーマート厚岸店,北海道厚岸郡厚岸町字宮園町１８５-５
セイコーマート厚岸松葉店,北海道厚岸郡厚岸町松葉２-９３
セイコーマート厚岸ポント店,北海道厚岸郡厚岸町奔渡６-９８
セイコーマート浜中店,北海道厚岸郡浜中町茶内橋北西８番地３
セイコーマート霧多布店,北海道厚岸郡浜中町霧多布東１条１-５１
セイコーマートいしばし店,北海道厚岸郡浜中町新川西１-１４４
セイコーマート中茶安別店,北海道川上郡標茶町字中チャンベツ原野基線３７-２３
セイコーマート標茶旭店,北海道川上郡標茶町旭３-７-１５
セイコーマート磯分内店,北海道川上郡標茶町字熊牛原野１６線西３-９６
セイコーマートやまな店,北海道川上郡弟子屈町摩周２-８-６
セイコーマート川湯店,北海道川上郡弟子屈町川湯温泉１-５７
セイコーマート弟子屈美里店,北海道川上郡弟子屈町美里１-２-３
セイコーマート幌呂店,北海道阿寒郡鶴居村字幌呂原野南５-４１
セイコーマート鶴居店,北海道阿寒郡鶴居村鶴居東１-１-１０
セイコーマート西庶路店,北海道白糠郡白糠町西庶路東３条南２丁目
セイコーマート白糠店,北海道白糠郡白糠町東１条北５-１-１
セイコーマート本通白糠店,北海道白糠郡白糠町東２条南２-２
セイコーマートしまかげ中春別店,北海道野付郡別海町中春別西町２
セイコーマート西春別店,北海道野付郡別海町西春別駅前栄町３９-１
セイコーマート川上店,北海道野付郡別海町別海川上町１４１-１
セイコーマート中西別店,北海道野付郡別海町中西別光町１-１
セイコーマート尾岱沼店,北海道野付郡別海町尾岱沼潮見町１９０-１
セイコーマート富田屋店,北海道野付郡別海町別海常盤町１
セイコーマート上春別店,北海道野付郡別海町上春別栄町２-１
セイコーマート計根別店,北海道標津郡中標津町計根別本通西１丁目
セイコーマート中標津西１条店,北海道標津郡中標津町西１条北１-１-１
セイコーマート中標津西町店,北海道標津郡中標津町西町６-１３
セイコーマート東２６条店,北海道標津郡中標津町東２６条南１丁目
セイコーマート中標津店,北海道標津郡中標津町西５条北７-８-４
セイコーマートしもとちたな店,北海道標津郡中標津町東１３条南２丁目
セイコーマート中標津東店,北海道標津郡中標津町東１９条北４-２-２
セイコーマート中標津東２条店,北海道標津郡中標津町東２条南１１丁目５番地４
セイコーマート標津まるよし店,北海道標津郡標津町南７条西１-１-５
セイコーマートこんどう標津店,北海道標津郡標津町北３条東１丁目１番４号
セイコーマート富士見店,北海道目梨郡羅臼町富士見町４
セイコーマート羅臼あしざき店,北海道目梨郡羅臼町八木浜町２４
セイコーマート羅臼礼文店,北海道目梨郡羅臼町礼文町５６-１４
セイコーマート水戸河和田３丁目店,茨城県水戸市河和田３-２２８０-１
セイコーマート吉沢店,茨城県水戸市吉沢町３５９-５０
セイコーマート水戸中原店,茨城県水戸市中原町７７０-１
セイコーマートねもと店,茨城県水戸市高田町１９０-１０
セイコーマート水戸住吉店,茨城県水戸市住吉町９１-７
セイコーマート水戸大場店,茨城県水戸市大場町９７６番２
セイコーマート水戸千波西店,茨城県水戸市千波町２１１５番２
セイコーマート水戸堀町店,茨城県水戸市堀町１２２３番１
セイコーマート水戸市民会館店,茨城県水戸市泉町１丁目７番１号
セイコーマート日立川尻店,茨城県日立市川尻町６-４９-１２
セイコーマートくろさわ店,茨城県日立市久慈町６-９-１３
セイコーマート日立滑川本町店,茨城県日立市滑川本町５-１２-２８
セイコーマート日立かみあい店,茨城県日立市かみあい町１-４２-１
セイコーマート日立台原店,茨城県日立市台原町２丁目１３-１
セイコーマート日立南店,茨城県日立市大和田町字辰町９０２番５
セイコーマート日立大みか店,茨城県日立市大みか町２丁目２６番２号
セイコーマート日立助川町店,茨城県日立市助川町５丁目１８９番１
セイコーマート土浦大畑店,茨城県土浦市大畑字前田１４６４番地１２
セイコーマート古河駒羽根店,茨城県古河市駒羽根１４２７番地４
セイコーマート行里川店,茨城県石岡市行里川１３４２９-５
セイコーマート南台店,茨城県石岡市南台２-１５-４
セイコーマート石岡ばらき店,茨城県石岡市茨城３-６-３
セイコーマート石岡瓦谷店,茨城県石岡市瓦谷字下宿４１５
セイコーマートはなみち店,茨城県石岡市下林２５１７-２
セイコーマート石岡園部店,茨城県石岡市山崎１７１７-３
セイコーマート八郷小幡店,茨城県石岡市小幡４０９４-１
セイコーマート石岡宇治会店,茨城県石岡市宇治会字芝崎２０５０-４
セイコーマート石岡柿岡店,茨城県石岡市柿岡字柿岡５０４４-１
セイコーマート常総新石下店,茨城県常総市新石下字横町東３７１８-２
セイコーマート常総鴻野山店,茨城県常総市鴻野山字古間木往還端１７３９-４
セイコーマート常総本豊田店,茨城県常総市本豊田１８１９番地１
セイコーマートまいづる店,茨城県常陸太田市馬場町９０-６
セイコーマート水府中染店,茨城県常陸太田市中染町２５０４-３
セイコーマートはたそめ店,茨城県常陸太田市幡町１８７７-７
セイコーマート常福地店,茨城県常陸太田市常福地町字中軍４９１番１
セイコーマート常陸太田和田店,茨城県常陸太田市和田町字下川原１５７８-１
セイコーマート常陸太田小沢店,茨城県常陸太田市小沢町字長町１５１７-４
セイコーマート常陸太田藤田店,茨城県常陸太田市藤田町字一区１１２１番４
セイコーマート常陸太田久米店,茨城県常陸太田市久米町１８４２番１
セイコーマート高萩手綱店,茨城県高萩市大字上手綱字上田中１７１４番地１
セイコーマート笠間大渕店,茨城県笠間市大渕６６８-５
セイコーマートおぬまや店,茨城県笠間市仁古田１１６３-５９
セイコーマート笠間柿橋店,茨城県笠間市鯉淵６３３８-８
セイコーマートつくば今鹿島店,茨城県つくば市今鹿島字下屋敷西３４７６-８
セイコーマート十三奉行店,茨城県ひたちなか市十三奉行１９２５-８
セイコーマート鹿嶋三笠店,茨城県鹿嶋市高天原１-６-１
セイコーマート鹿嶋棚木店,茨城県鹿嶋市大字棚木字大野２７８７-２４
セイコーマート鹿嶋小山店,茨城県鹿嶋市大字小山字松堀込１０２９番地２４
セイコーマート鹿嶋平井店,茨城県鹿嶋市平井１０３３番２
セイコーマート鹿嶋中店,茨城県鹿嶋市大字中字中町３１０４番
セイコーマートえびね店,茨城県常陸大宮市東野３１０２-１
セイコーマート大宮若林店,茨城県常陸大宮市若林字南平８４６-１
セイコーマート常陸大宮野口店,茨城県常陸大宮市野口字上川原２５３２-７
セイコーマート常陸大宮鷹巣店,茨城県常陸大宮市鷹巣字田中２９００-２
セイコーマート那珂後台店,茨城県那珂市後台バッケ３０９４番１４
セイコーマート那珂戸店,茨城県那珂市戸字上宿２６０７番１９
セイコーマートすずきや店,茨城県筑西市門井１９７６-４３
セイコーマート明野中上野店,茨城県筑西市中上野字仲畑１５５５-７
セイコーマート筑西舟生店,茨城県筑西市舟生字下宿１０１４-１５
セイコーマートグランテラス筑西店,茨城県筑西市川澄１８５０番地
セイコーマート坂東逆井店,茨城県坂東市逆井字沼ノ田６２９７-１
セイコーマート坂東長須店,茨城県坂東市長須３４３８番１３
セイコーマート稲吉東店,茨城県かすみがうら市稲吉東４-１４-７
セイコーマート上志筑店,茨城県かすみがうら市上志筑字白畑１７４-３
セイコーマート桜川岩瀬店,茨城県桜川市岩瀬１１４-３
セイコーマート大和店,茨城県桜川市本木１５１６-７
セイコーマート真壁羽鳥店,茨城県桜川市真壁町羽鳥字石田８２３-１
セイコーマート桜川大国玉店,茨城県桜川市大国玉字山田新田４５２０-３７
セイコーマート桜川下谷貝店,茨城県桜川市真壁町下谷貝字一本松２２６２-３
セイコーマートいしばし店,茨城県行方市芹沢１７４３
セイコーマート行方山田店,茨城県行方市山田字沼田１０１３-４
セイコーマート鉾田当間店,茨城県鉾田市当間５４７-１
セイコーマート鉾田造谷店,茨城県鉾田市造谷字台宿１４２０-１
セイコーマート鉾田柏熊店,茨城県鉾田市柏熊字長原１００８番３５
セイコーマート鉾田飯島店,茨城県鉾田市飯島字砂子５２７番１
セイコーマート茨城空港前店,茨城県小美玉市外之内字北山２６９-１
セイコーマートエアポート茨城店,茨城県小美玉市与沢１６０１番地５５
セイコーマートきど桜ノ牧店,茨城県東茨城郡茨城町大戸３４４４-４
セイコーマートながす店,茨城県東茨城郡茨城町下石崎１６８８-１
セイコーマートきど桜の郷店,茨城県東茨城郡茨城町大戸３４２１-７
セイコーマート常北上入野店,茨城県東茨城郡城里町上入野２７８２-１
セイコーマート城里石塚店,茨城県東茨城郡城里町石塚１６８８番４
セイコーマート東海須和間店,茨城県那珂郡東海村大字須和間字石フジ２０００-７６
セイコーマート阿見岡崎店,茨城県稲敷郡阿見町岡崎２丁目１-１５
セイコーマートむらい八千代店,茨城県結城郡八千代町平塚２１７-２
セイコーマート境大歩店,茨城県猿島郡境町大字大歩字原山３５６-３９
セイコーマート境長井戸店,茨城県猿島郡境町長井戸７３１番地１１
セイコーマートまんだな店,埼玉県さいたま市西区三橋６-１４４
セイコーマートさいたま今羽店,埼玉県さいたま市北区今羽町４番地１
セイコーマート加須向川岸店,埼玉県加須市向川岸町１０番１８号
セイコーマートまちだ店,埼玉県上尾市畔吉１２２７
セイコーマート草加マルエー店,埼玉県草加市草加１-１１-３
セイコーマート久喜下早見店,埼玉県久喜市下早見４０４番地１
セイコーマートほしの店,埼玉県八潮市大曽根４９１
セイコーマートはしもと店,埼玉県吉川市中野５番１
セイコーマート伊奈大針店,埼玉県北足立郡伊奈町大針１６６０-４
